lad11nm,lsoa11
City of London,E01000001
City of London,E01000002
City of London,E01000003
City of London,E01000005
City of London,E01032739
City of London,E01032740
Barking and Dagenham,E01000006
Barking and Dagenham,E01000007
Barking and Dagenham,E01000008
Barking and Dagenham,E01000009
Barking and Dagenham,E01000010
Barking and Dagenham,E01000011
Barking and Dagenham,E01000012
Barking and Dagenham,E01000013
Barking and Dagenham,E01000014
Barking and Dagenham,E01000015
Barking and Dagenham,E01000016
Barking and Dagenham,E01000017
Barking and Dagenham,E01000018
Barking and Dagenham,E01000019
Barking and Dagenham,E01000020
Barking and Dagenham,E01000021
Barking and Dagenham,E01000022
Barking and Dagenham,E01000023
Barking and Dagenham,E01000024
Barking and Dagenham,E01000025
Barking and Dagenham,E01000027
Barking and Dagenham,E01000028
Barking and Dagenham,E01000029
Barking and Dagenham,E01000030
Barking and Dagenham,E01000031
Barking and Dagenham,E01000032
Barking and Dagenham,E01000033
Barking and Dagenham,E01000034
Barking and Dagenham,E01000035
Barking and Dagenham,E01000036
Barking and Dagenham,E01000037
Barking and Dagenham,E01000038
Barking and Dagenham,E01000039
Barking and Dagenham,E01000040
Barking and Dagenham,E01000041
Barking and Dagenham,E01000042
Barking and Dagenham,E01000043
Barking and Dagenham,E01000044
Barking and Dagenham,E01000045
Barking and Dagenham,E01000046
Barking and Dagenham,E01000048
Barking and Dagenham,E01000049
Barking and Dagenham,E01000050
Barking and Dagenham,E01000051
Barking and Dagenham,E01000052
Barking and Dagenham,E01000053
Barking and Dagenham,E01000054
Barking and Dagenham,E01000055
Barking and Dagenham,E01000056
Barking and Dagenham,E01000057
Barking and Dagenham,E01000058
Barking and Dagenham,E01000059
Barking and Dagenham,E01000060
Barking and Dagenham,E01000061
Barking and Dagenham,E01000062
Barking and Dagenham,E01000063
Barking and Dagenham,E01000064
Barking and Dagenham,E01000065
Barking and Dagenham,E01000066
Barking and Dagenham,E01000067
Barking and Dagenham,E01000068
Barking and Dagenham,E01000069
Barking and Dagenham,E01000070
Barking and Dagenham,E01000071
Barking and Dagenham,E01000072
Barking and Dagenham,E01000073
Barking and Dagenham,E01000074
Barking and Dagenham,E01000075
Barking and Dagenham,E01000076
Barking and Dagenham,E01000077
Barking and Dagenham,E01000078
Barking and Dagenham,E01000079
Barking and Dagenham,E01000080
Barking and Dagenham,E01000081
Barking and Dagenham,E01000082
Barking and Dagenham,E01000083
Barking and Dagenham,E01000084
Barking and Dagenham,E01000085
Barking and Dagenham,E01000086
Barking and Dagenham,E01000087
Barking and Dagenham,E01000088
Barking and Dagenham,E01000089
Barking and Dagenham,E01000090
Barking and Dagenham,E01000091
Barking and Dagenham,E01000092
Barking and Dagenham,E01000093
Barking and Dagenham,E01000094
Barking and Dagenham,E01000095
Barking and Dagenham,E01000096
Barking and Dagenham,E01000097
Barking and Dagenham,E01000098
Barking and Dagenham,E01000099
Barking and Dagenham,E01000100
Barking and Dagenham,E01000101
Barking and Dagenham,E01000102
Barking and Dagenham,E01000103
Barking and Dagenham,E01000104
Barking and Dagenham,E01000105
Barking and Dagenham,E01000106
Barking and Dagenham,E01000107
Barking and Dagenham,E01000108
Barking and Dagenham,E01000109
Barking and Dagenham,E01000110
Barking and Dagenham,E01000111
Barking and Dagenham,E01000112
Barking and Dagenham,E01000113
Barking and Dagenham,E01000114
Barking and Dagenham,E01032580
Barking and Dagenham,E01033587
Barking and Dagenham,E01033588
Barnet,E01000115
Barnet,E01000116
Barnet,E01000117
Barnet,E01000118
Barnet,E01000119
Barnet,E01000120
Barnet,E01000121
Barnet,E01000122
Barnet,E01000123
Barnet,E01000124
Barnet,E01000125
Barnet,E01000126
Barnet,E01000127
Barnet,E01000128
Barnet,E01000129
Barnet,E01000130
Barnet,E01000131
Barnet,E01000132
Barnet,E01000133
Barnet,E01000134
Barnet,E01000135
Barnet,E01000136
Barnet,E01000137
Barnet,E01000138
Barnet,E01000139
Barnet,E01000140
Barnet,E01000141
Barnet,E01000142
Barnet,E01000143
Barnet,E01000144
Barnet,E01000145
Barnet,E01000146
Barnet,E01000147
Barnet,E01000148
Barnet,E01000150
Barnet,E01000151
Barnet,E01000152
Barnet,E01000153
Barnet,E01000154
Barnet,E01000155
Barnet,E01000156
Barnet,E01000157
Barnet,E01000158
Barnet,E01000159
Barnet,E01000160
Barnet,E01000161
Barnet,E01000162
Barnet,E01000163
Barnet,E01000164
Barnet,E01000165
Barnet,E01000166
Barnet,E01000167
Barnet,E01000168
Barnet,E01000169
Barnet,E01000170
Barnet,E01000171
Barnet,E01000172
Barnet,E01000173
Barnet,E01000174
Barnet,E01000175
Barnet,E01000176
Barnet,E01000177
Barnet,E01000178
Barnet,E01000179
Barnet,E01000180
Barnet,E01000181
Barnet,E01000182
Barnet,E01000183
Barnet,E01000184
Barnet,E01000185
Barnet,E01000186
Barnet,E01000187
Barnet,E01000188
Barnet,E01000189
Barnet,E01000190
Barnet,E01000191
Barnet,E01000192
Barnet,E01000193
Barnet,E01000194
Barnet,E01000195
Barnet,E01000196
Barnet,E01000197
Barnet,E01000198
Barnet,E01000199
Barnet,E01000200
Barnet,E01000201
Barnet,E01000202
Barnet,E01000203
Barnet,E01000204
Barnet,E01000205
Barnet,E01000206
Barnet,E01000207
Barnet,E01000208
Barnet,E01000209
Barnet,E01000210
Barnet,E01000211
Barnet,E01000212
Barnet,E01000213
Barnet,E01000214
Barnet,E01000215
Barnet,E01000216
Barnet,E01000217
Barnet,E01000218
Barnet,E01000219
Barnet,E01000220
Barnet,E01000221
Barnet,E01000222
Barnet,E01000223
Barnet,E01000224
Barnet,E01000225
Barnet,E01000226
Barnet,E01000227
Barnet,E01000228
Barnet,E01000229
Barnet,E01000230
Barnet,E01000231
Barnet,E01000232
Barnet,E01000233
Barnet,E01000234
Barnet,E01000235
Barnet,E01000236
Barnet,E01000237
Barnet,E01000238
Barnet,E01000239
Barnet,E01000240
Barnet,E01000241
Barnet,E01000242
Barnet,E01000243
Barnet,E01000244
Barnet,E01000245
Barnet,E01000246
Barnet,E01000247
Barnet,E01000248
Barnet,E01000249
Barnet,E01000250
Barnet,E01000251
Barnet,E01000252
Barnet,E01000253
Barnet,E01000254
Barnet,E01000255
Barnet,E01000256
Barnet,E01000257
Barnet,E01000258
Barnet,E01000259
Barnet,E01000260
Barnet,E01000261
Barnet,E01000262
Barnet,E01000263
Barnet,E01000264
Barnet,E01000265
Barnet,E01000266
Barnet,E01000267
Barnet,E01000268
Barnet,E01000269
Barnet,E01000270
Barnet,E01000271
Barnet,E01000272
Barnet,E01000273
Barnet,E01000274
Barnet,E01000275
Barnet,E01000276
Barnet,E01000277
Barnet,E01000278
Barnet,E01000279
Barnet,E01000280
Barnet,E01000281
Barnet,E01000282
Barnet,E01000283
Barnet,E01000284
Barnet,E01000285
Barnet,E01000286
Barnet,E01000287
Barnet,E01000288
Barnet,E01000289
Barnet,E01000290
Barnet,E01000291
Barnet,E01000292
Barnet,E01000293
Barnet,E01000294
Barnet,E01000295
Barnet,E01000296
Barnet,E01000297
Barnet,E01000298
Barnet,E01000299
Barnet,E01000300
Barnet,E01000301
Barnet,E01000302
Barnet,E01000303
Barnet,E01000304
Barnet,E01000305
Barnet,E01000306
Barnet,E01000307
Barnet,E01000308
Barnet,E01000309
Barnet,E01000310
Barnet,E01000311
Barnet,E01000312
Barnet,E01000313
Barnet,E01000314
Barnet,E01000315
Barnet,E01000316
Barnet,E01000317
Barnet,E01000318
Barnet,E01000319
Barnet,E01000320
Barnet,E01000321
Barnet,E01000322
Barnet,E01000323
Barnet,E01000324
Barnet,E01033572
Barnet,E01033573
Bexley,E01000325
Bexley,E01000326
Bexley,E01000327
Bexley,E01000328
Bexley,E01000329
Bexley,E01000330
Bexley,E01000331
Bexley,E01000332
Bexley,E01000333
Bexley,E01000334
Bexley,E01000335
Bexley,E01000336
Bexley,E01000337
Bexley,E01000338
Bexley,E01000339
Bexley,E01000340
Bexley,E01000341
Bexley,E01000342
Bexley,E01000343
Bexley,E01000344
Bexley,E01000345
Bexley,E01000346
Bexley,E01000347
Bexley,E01000348
Bexley,E01000349
Bexley,E01000350
Bexley,E01000351
Bexley,E01000352
Bexley,E01000353
Bexley,E01000354
Bexley,E01000355
Bexley,E01000356
Bexley,E01000357
Bexley,E01000358
Bexley,E01000359
Bexley,E01000360
Bexley,E01000361
Bexley,E01000362
Bexley,E01000363
Bexley,E01000364
Bexley,E01000365
Bexley,E01000366
Bexley,E01000367
Bexley,E01000368
Bexley,E01000369
Bexley,E01000370
Bexley,E01000371
Bexley,E01000372
Bexley,E01000373
Bexley,E01000374
Bexley,E01000375
Bexley,E01000376
Bexley,E01000377
Bexley,E01000378
Bexley,E01000379
Bexley,E01000380
Bexley,E01000381
Bexley,E01000382
Bexley,E01000383
Bexley,E01000384
Bexley,E01000385
Bexley,E01000386
Bexley,E01000387
Bexley,E01000388
Bexley,E01000389
Bexley,E01000390
Bexley,E01000391
Bexley,E01000392
Bexley,E01000393
Bexley,E01000394
Bexley,E01000395
Bexley,E01000396
Bexley,E01000398
Bexley,E01000399
Bexley,E01000400
Bexley,E01000401
Bexley,E01000402
Bexley,E01000403
Bexley,E01000404
Bexley,E01000405
Bexley,E01000406
Bexley,E01000407
Bexley,E01000408
Bexley,E01000409
Bexley,E01000410
Bexley,E01000411
Bexley,E01000412
Bexley,E01000413
Bexley,E01000414
Bexley,E01000415
Bexley,E01000416
Bexley,E01000417
Bexley,E01000418
Bexley,E01000419
Bexley,E01000420
Bexley,E01000421
Bexley,E01000422
Bexley,E01000423
Bexley,E01000424
Bexley,E01000425
Bexley,E01000426
Bexley,E01000427
Bexley,E01000428
Bexley,E01000429
Bexley,E01000430
Bexley,E01000431
Bexley,E01000432
Bexley,E01000433
Bexley,E01000434
Bexley,E01000435
Bexley,E01000436
Bexley,E01000437
Bexley,E01000438
Bexley,E01000439
Bexley,E01000440
Bexley,E01000441
Bexley,E01000442
Bexley,E01000443
Bexley,E01000444
Bexley,E01000445
Bexley,E01000446
Bexley,E01000447
Bexley,E01000448
Bexley,E01000449
Bexley,E01000450
Bexley,E01000451
Bexley,E01000452
Bexley,E01000453
Bexley,E01000454
Bexley,E01000455
Bexley,E01000456
Bexley,E01000457
Bexley,E01000458
Bexley,E01000459
Bexley,E01000460
Bexley,E01000461
Bexley,E01000462
Bexley,E01000463
Bexley,E01000464
Bexley,E01000465
Bexley,E01000466
Bexley,E01000467
Bexley,E01000468
Bexley,E01000469
Bexley,E01000470
Bexley,E01032566
Brent,E01000471
Brent,E01000472
Brent,E01000473
Brent,E01000474
Brent,E01000475
Brent,E01000476
Brent,E01000477
Brent,E01000478
Brent,E01000479
Brent,E01000480
Brent,E01000481
Brent,E01000482
Brent,E01000483
Brent,E01000484
Brent,E01000485
Brent,E01000486
Brent,E01000487
Brent,E01000488
Brent,E01000489
Brent,E01000490
Brent,E01000491
Brent,E01000492
Brent,E01000493
Brent,E01000494
Brent,E01000495
Brent,E01000497
Brent,E01000498
Brent,E01000499
Brent,E01000501
Brent,E01000502
Brent,E01000503
Brent,E01000504
Brent,E01000505
Brent,E01000506
Brent,E01000507
Brent,E01000508
Brent,E01000509
Brent,E01000510
Brent,E01000511
Brent,E01000512
Brent,E01000513
Brent,E01000514
Brent,E01000515
Brent,E01000516
Brent,E01000517
Brent,E01000518
Brent,E01000519
Brent,E01000520
Brent,E01000521
Brent,E01000522
Brent,E01000523
Brent,E01000524
Brent,E01000525
Brent,E01000526
Brent,E01000527
Brent,E01000528
Brent,E01000530
Brent,E01000531
Brent,E01000532
Brent,E01000533
Brent,E01000534
Brent,E01000535
Brent,E01000536
Brent,E01000538
Brent,E01000539
Brent,E01000540
Brent,E01000541
Brent,E01000543
Brent,E01000544
Brent,E01000545
Brent,E01000546
Brent,E01000547
Brent,E01000548
Brent,E01000549
Brent,E01000550
Brent,E01000551
Brent,E01000552
Brent,E01000553
Brent,E01000554
Brent,E01000555
Brent,E01000556
Brent,E01000557
Brent,E01000558
Brent,E01000559
Brent,E01000560
Brent,E01000561
Brent,E01000562
Brent,E01000563
Brent,E01000564
Brent,E01000565
Brent,E01000566
Brent,E01000567
Brent,E01000568
Brent,E01000569
Brent,E01000570
Brent,E01000571
Brent,E01000572
Brent,E01000573
Brent,E01000574
Brent,E01000575
Brent,E01000576
Brent,E01000577
Brent,E01000578
Brent,E01000579
Brent,E01000580
Brent,E01000581
Brent,E01000582
Brent,E01000583
Brent,E01000584
Brent,E01000585
Brent,E01000586
Brent,E01000587
Brent,E01000588
Brent,E01000589
Brent,E01000590
Brent,E01000591
Brent,E01000592
Brent,E01000593
Brent,E01000594
Brent,E01000595
Brent,E01000596
Brent,E01000599
Brent,E01000600
Brent,E01000601
Brent,E01000602
Brent,E01000603
Brent,E01000604
Brent,E01000605
Brent,E01000606
Brent,E01000607
Brent,E01000608
Brent,E01000609
Brent,E01000610
Brent,E01000611
Brent,E01000612
Brent,E01000613
Brent,E01000615
Brent,E01000616
Brent,E01000617
Brent,E01000618
Brent,E01000619
Brent,E01000620
Brent,E01000621
Brent,E01000622
Brent,E01000623
Brent,E01000624
Brent,E01000625
Brent,E01000626
Brent,E01000627
Brent,E01000628
Brent,E01000629
Brent,E01000630
Brent,E01000631
Brent,E01000632
Brent,E01000633
Brent,E01000634
Brent,E01000635
Brent,E01000636
Brent,E01000637
Brent,E01000638
Brent,E01000639
Brent,E01000640
Brent,E01000641
Brent,E01000642
Brent,E01000643
Brent,E01000644
Brent,E01033424
Brent,E01033455
Brent,E01033456
Brent,E01033457
Brent,E01033463
Brent,E01033464
Brent,E01033485
Bromley,E01000645
Bromley,E01000646
Bromley,E01000647
Bromley,E01000648
Bromley,E01000649
Bromley,E01000650
Bromley,E01000651
Bromley,E01000652
Bromley,E01000653
Bromley,E01000654
Bromley,E01000655
Bromley,E01000656
Bromley,E01000657
Bromley,E01000658
Bromley,E01000659
Bromley,E01000661
Bromley,E01000662
Bromley,E01000663
Bromley,E01000664
Bromley,E01000665
Bromley,E01000666
Bromley,E01000667
Bromley,E01000668
Bromley,E01000669
Bromley,E01000670
Bromley,E01000671
Bromley,E01000672
Bromley,E01000673
Bromley,E01000674
Bromley,E01000675
Bromley,E01000676
Bromley,E01000677
Bromley,E01000678
Bromley,E01000679
Bromley,E01000680
Bromley,E01000681
Bromley,E01000682
Bromley,E01000683
Bromley,E01000684
Bromley,E01000685
Bromley,E01000686
Bromley,E01000687
Bromley,E01000688
Bromley,E01000689
Bromley,E01000690
Bromley,E01000691
Bromley,E01000692
Bromley,E01000693
Bromley,E01000694
Bromley,E01000695
Bromley,E01000696
Bromley,E01000697
Bromley,E01000698
Bromley,E01000699
Bromley,E01000700
Bromley,E01000701
Bromley,E01000702
Bromley,E01000703
Bromley,E01000704
Bromley,E01000705
Bromley,E01000706
Bromley,E01000707
Bromley,E01000708
Bromley,E01000709
Bromley,E01000710
Bromley,E01000711
Bromley,E01000712
Bromley,E01000713
Bromley,E01000714
Bromley,E01000715
Bromley,E01000716
Bromley,E01000717
Bromley,E01000718
Bromley,E01000719
Bromley,E01000720
Bromley,E01000721
Bromley,E01000722
Bromley,E01000723
Bromley,E01000724
Bromley,E01000725
Bromley,E01000726
Bromley,E01000727
Bromley,E01000728
Bromley,E01000729
Bromley,E01000730
Bromley,E01000731
Bromley,E01000732
Bromley,E01000733
Bromley,E01000734
Bromley,E01000735
Bromley,E01000736
Bromley,E01000737
Bromley,E01000738
Bromley,E01000739
Bromley,E01000740
Bromley,E01000741
Bromley,E01000742
Bromley,E01000743
Bromley,E01000744
Bromley,E01000745
Bromley,E01000746
Bromley,E01000747
Bromley,E01000748
Bromley,E01000749
Bromley,E01000750
Bromley,E01000751
Bromley,E01000752
Bromley,E01000753
Bromley,E01000754
Bromley,E01000755
Bromley,E01000756
Bromley,E01000757
Bromley,E01000758
Bromley,E01000759
Bromley,E01000760
Bromley,E01000761
Bromley,E01000762
Bromley,E01000763
Bromley,E01000764
Bromley,E01000765
Bromley,E01000766
Bromley,E01000767
Bromley,E01000768
Bromley,E01000769
Bromley,E01000770
Bromley,E01000771
Bromley,E01000772
Bromley,E01000773
Bromley,E01000774
Bromley,E01000775
Bromley,E01000777
Bromley,E01000778
Bromley,E01000779
Bromley,E01000780
Bromley,E01000781
Bromley,E01000782
Bromley,E01000783
Bromley,E01000784
Bromley,E01000785
Bromley,E01000786
Bromley,E01000787
Bromley,E01000788
Bromley,E01000789
Bromley,E01000790
Bromley,E01000791
Bromley,E01000792
Bromley,E01000793
Bromley,E01000794
Bromley,E01000795
Bromley,E01000796
Bromley,E01000797
Bromley,E01000798
Bromley,E01000799
Bromley,E01000800
Bromley,E01000801
Bromley,E01000802
Bromley,E01000803
Bromley,E01000804
Bromley,E01000805
Bromley,E01000806
Bromley,E01000807
Bromley,E01000808
Bromley,E01000809
Bromley,E01000810
Bromley,E01000811
Bromley,E01000812
Bromley,E01000813
Bromley,E01000814
Bromley,E01000815
Bromley,E01000816
Bromley,E01000818
Bromley,E01000819
Bromley,E01000820
Bromley,E01000822
Bromley,E01000823
Bromley,E01000824
Bromley,E01000825
Bromley,E01000826
Bromley,E01000827
Bromley,E01000828
Bromley,E01000829
Bromley,E01000830
Bromley,E01000831
Bromley,E01000832
Bromley,E01000833
Bromley,E01000834
Bromley,E01000835
Bromley,E01000836
Bromley,E01000837
Bromley,E01000838
Bromley,E01000839
Bromley,E01000840
Bromley,E01000841
Bromley,E01032562
Bromley,E01032563
Bromley,E01032568
Bromley,E01032570
Camden,E01000842
Camden,E01000843
Camden,E01000844
Camden,E01000845
Camden,E01000846
Camden,E01000847
Camden,E01000848
Camden,E01000849
Camden,E01000850
Camden,E01000851
Camden,E01000852
Camden,E01000853
Camden,E01000854
Camden,E01000855
Camden,E01000856
Camden,E01000857
Camden,E01000858
Camden,E01000859
Camden,E01000860
Camden,E01000861
Camden,E01000862
Camden,E01000863
Camden,E01000864
Camden,E01000865
Camden,E01000866
Camden,E01000867
Camden,E01000868
Camden,E01000869
Camden,E01000870
Camden,E01000871
Camden,E01000872
Camden,E01000873
Camden,E01000874
Camden,E01000875
Camden,E01000876
Camden,E01000877
Camden,E01000878
Camden,E01000879
Camden,E01000880
Camden,E01000881
Camden,E01000882
Camden,E01000883
Camden,E01000884
Camden,E01000885
Camden,E01000886
Camden,E01000887
Camden,E01000888
Camden,E01000889
Camden,E01000890
Camden,E01000891
Camden,E01000892
Camden,E01000893
Camden,E01000894
Camden,E01000895
Camden,E01000896
Camden,E01000897
Camden,E01000898
Camden,E01000899
Camden,E01000900
Camden,E01000901
Camden,E01000902
Camden,E01000903
Camden,E01000904
Camden,E01000905
Camden,E01000906
Camden,E01000907
Camden,E01000908
Camden,E01000909
Camden,E01000910
Camden,E01000911
Camden,E01000912
Camden,E01000913
Camden,E01000914
Camden,E01000915
Camden,E01000916
Camden,E01000917
Camden,E01000918
Camden,E01000919
Camden,E01000920
Camden,E01000921
Camden,E01000922
Camden,E01000923
Camden,E01000924
Camden,E01000925
Camden,E01000926
Camden,E01000927
Camden,E01000928
Camden,E01000929
Camden,E01000930
Camden,E01000931
Camden,E01000932
Camden,E01000933
Camden,E01000934
Camden,E01000935
Camden,E01000936
Camden,E01000937
Camden,E01000938
Camden,E01000939
Camden,E01000940
Camden,E01000941
Camden,E01000942
Camden,E01000943
Camden,E01000944
Camden,E01000945
Camden,E01000946
Camden,E01000947
Camden,E01000948
Camden,E01000949
Camden,E01000950
Camden,E01000951
Camden,E01000952
Camden,E01000953
Camden,E01000954
Camden,E01000955
Camden,E01000956
Camden,E01000957
Camden,E01000958
Camden,E01000959
Camden,E01000960
Camden,E01000961
Camden,E01000962
Camden,E01000963
Camden,E01000964
Camden,E01000965
Camden,E01000966
Camden,E01000967
Camden,E01000968
Camden,E01000969
Camden,E01000970
Camden,E01000971
Camden,E01000972
Camden,E01000973
Camden,E01000974
Croydon,E01000975
Croydon,E01000976
Croydon,E01000977
Croydon,E01000978
Croydon,E01000979
Croydon,E01000980
Croydon,E01000981
Croydon,E01000982
Croydon,E01000983
Croydon,E01000984
Croydon,E01000985
Croydon,E01000986
Croydon,E01000987
Croydon,E01000989
Croydon,E01000990
Croydon,E01000991
Croydon,E01000992
Croydon,E01000993
Croydon,E01000994
Croydon,E01000995
Croydon,E01000996
Croydon,E01000997
Croydon,E01000998
Croydon,E01000999
Croydon,E01001000
Croydon,E01001001
Croydon,E01001002
Croydon,E01001003
Croydon,E01001004
Croydon,E01001005
Croydon,E01001006
Croydon,E01001007
Croydon,E01001008
Croydon,E01001009
Croydon,E01001010
Croydon,E01001011
Croydon,E01001012
Croydon,E01001013
Croydon,E01001014
Croydon,E01001015
Croydon,E01001016
Croydon,E01001017
Croydon,E01001018
Croydon,E01001019
Croydon,E01001020
Croydon,E01001021
Croydon,E01001022
Croydon,E01001023
Croydon,E01001024
Croydon,E01001025
Croydon,E01001026
Croydon,E01001027
Croydon,E01001028
Croydon,E01001029
Croydon,E01001030
Croydon,E01001031
Croydon,E01001032
Croydon,E01001033
Croydon,E01001034
Croydon,E01001035
Croydon,E01001036
Croydon,E01001037
Croydon,E01001038
Croydon,E01001039
Croydon,E01001040
Croydon,E01001041
Croydon,E01001042
Croydon,E01001043
Croydon,E01001044
Croydon,E01001045
Croydon,E01001046
Croydon,E01001047
Croydon,E01001048
Croydon,E01001049
Croydon,E01001050
Croydon,E01001051
Croydon,E01001052
Croydon,E01001053
Croydon,E01001054
Croydon,E01001055
Croydon,E01001056
Croydon,E01001057
Croydon,E01001058
Croydon,E01001059
Croydon,E01001060
Croydon,E01001061
Croydon,E01001062
Croydon,E01001063
Croydon,E01001064
Croydon,E01001065
Croydon,E01001066
Croydon,E01001067
Croydon,E01001068
Croydon,E01001069
Croydon,E01001070
Croydon,E01001071
Croydon,E01001072
Croydon,E01001073
Croydon,E01001074
Croydon,E01001075
Croydon,E01001076
Croydon,E01001077
Croydon,E01001078
Croydon,E01001079
Croydon,E01001080
Croydon,E01001081
Croydon,E01001082
Croydon,E01001083
Croydon,E01001084
Croydon,E01001085
Croydon,E01001086
Croydon,E01001087
Croydon,E01001088
Croydon,E01001089
Croydon,E01001090
Croydon,E01001091
Croydon,E01001092
Croydon,E01001093
Croydon,E01001094
Croydon,E01001095
Croydon,E01001096
Croydon,E01001097
Croydon,E01001098
Croydon,E01001099
Croydon,E01001100
Croydon,E01001101
Croydon,E01001102
Croydon,E01001103
Croydon,E01001104
Croydon,E01001105
Croydon,E01001106
Croydon,E01001107
Croydon,E01001108
Croydon,E01001109
Croydon,E01001110
Croydon,E01001111
Croydon,E01001112
Croydon,E01001113
Croydon,E01001114
Croydon,E01001115
Croydon,E01001116
Croydon,E01001117
Croydon,E01001118
Croydon,E01001119
Croydon,E01001120
Croydon,E01001121
Croydon,E01001122
Croydon,E01001123
Croydon,E01001124
Croydon,E01001125
Croydon,E01001126
Croydon,E01001127
Croydon,E01001128
Croydon,E01001129
Croydon,E01001130
Croydon,E01001131
Croydon,E01001132
Croydon,E01001133
Croydon,E01001134
Croydon,E01001135
Croydon,E01001136
Croydon,E01001137
Croydon,E01001138
Croydon,E01001139
Croydon,E01001140
Croydon,E01001141
Croydon,E01001142
Croydon,E01001143
Croydon,E01001144
Croydon,E01001145
Croydon,E01001146
Croydon,E01001147
Croydon,E01001148
Croydon,E01001149
Croydon,E01001150
Croydon,E01001151
Croydon,E01001152
Croydon,E01001153
Croydon,E01001154
Croydon,E01001155
Croydon,E01001156
Croydon,E01001157
Croydon,E01001158
Croydon,E01001159
Croydon,E01001160
Croydon,E01001161
Croydon,E01001162
Croydon,E01001163
Croydon,E01001164
Croydon,E01001165
Croydon,E01001166
Croydon,E01001167
Croydon,E01001168
Croydon,E01001169
Croydon,E01001170
Croydon,E01001171
Croydon,E01001172
Croydon,E01001173
Croydon,E01001174
Croydon,E01001175
Croydon,E01001176
Croydon,E01001177
Croydon,E01001178
Croydon,E01001179
Croydon,E01001180
Croydon,E01001181
Croydon,E01001182
Croydon,E01001183
Croydon,E01001184
Croydon,E01001185
Croydon,E01001186
Croydon,E01001187
Croydon,E01001188
Croydon,E01001189
Croydon,E01001190
Croydon,E01001191
Croydon,E01001192
Croydon,E01001193
Croydon,E01001194
Croydon,E01032569
Ealing,E01001195
Ealing,E01001196
Ealing,E01001197
Ealing,E01001198
Ealing,E01001199
Ealing,E01001200
Ealing,E01001201
Ealing,E01001202
Ealing,E01001203
Ealing,E01001204
Ealing,E01001205
Ealing,E01001206
Ealing,E01001207
Ealing,E01001208
Ealing,E01001209
Ealing,E01001210
Ealing,E01001211
Ealing,E01001212
Ealing,E01001213
Ealing,E01001214
Ealing,E01001215
Ealing,E01001216
Ealing,E01001217
Ealing,E01001218
Ealing,E01001219
Ealing,E01001220
Ealing,E01001221
Ealing,E01001222
Ealing,E01001223
Ealing,E01001224
Ealing,E01001225
Ealing,E01001226
Ealing,E01001227
Ealing,E01001228
Ealing,E01001229
Ealing,E01001230
Ealing,E01001231
Ealing,E01001232
Ealing,E01001233
Ealing,E01001234
Ealing,E01001235
Ealing,E01001236
Ealing,E01001237
Ealing,E01001238
Ealing,E01001239
Ealing,E01001240
Ealing,E01001241
Ealing,E01001242
Ealing,E01001243
Ealing,E01001244
Ealing,E01001245
Ealing,E01001246
Ealing,E01001247
Ealing,E01001248
Ealing,E01001249
Ealing,E01001250
Ealing,E01001251
Ealing,E01001252
Ealing,E01001253
Ealing,E01001254
Ealing,E01001255
Ealing,E01001257
Ealing,E01001258
Ealing,E01001259
Ealing,E01001260
Ealing,E01001261
Ealing,E01001262
Ealing,E01001263
Ealing,E01001264
Ealing,E01001265
Ealing,E01001266
Ealing,E01001267
Ealing,E01001268
Ealing,E01001269
Ealing,E01001270
Ealing,E01001271
Ealing,E01001272
Ealing,E01001273
Ealing,E01001274
Ealing,E01001275
Ealing,E01001276
Ealing,E01001277
Ealing,E01001278
Ealing,E01001279
Ealing,E01001280
Ealing,E01001281
Ealing,E01001282
Ealing,E01001283
Ealing,E01001284
Ealing,E01001285
Ealing,E01001286
Ealing,E01001287
Ealing,E01001288
Ealing,E01001289
Ealing,E01001290
Ealing,E01001291
Ealing,E01001292
Ealing,E01001293
Ealing,E01001294
Ealing,E01001295
Ealing,E01001296
Ealing,E01001297
Ealing,E01001298
Ealing,E01001299
Ealing,E01001300
Ealing,E01001301
Ealing,E01001302
Ealing,E01001303
Ealing,E01001304
Ealing,E01001305
Ealing,E01001306
Ealing,E01001307
Ealing,E01001308
Ealing,E01001309
Ealing,E01001310
Ealing,E01001311
Ealing,E01001312
Ealing,E01001313
Ealing,E01001314
Ealing,E01001315
Ealing,E01001316
Ealing,E01001317
Ealing,E01001318
Ealing,E01001319
Ealing,E01001320
Ealing,E01001321
Ealing,E01001322
Ealing,E01001323
Ealing,E01001324
Ealing,E01001325
Ealing,E01001326
Ealing,E01001327
Ealing,E01001328
Ealing,E01001329
Ealing,E01001330
Ealing,E01001331
Ealing,E01001332
Ealing,E01001333
Ealing,E01001334
Ealing,E01001335
Ealing,E01001336
Ealing,E01001337
Ealing,E01001338
Ealing,E01001339
Ealing,E01001340
Ealing,E01001341
Ealing,E01001342
Ealing,E01001343
Ealing,E01001344
Ealing,E01001345
Ealing,E01001346
Ealing,E01001347
Ealing,E01001348
Ealing,E01001349
Ealing,E01001350
Ealing,E01001351
Ealing,E01001352
Ealing,E01001353
Ealing,E01001354
Ealing,E01001355
Ealing,E01001356
Ealing,E01001357
Ealing,E01001358
Ealing,E01001359
Ealing,E01001360
Ealing,E01001361
Ealing,E01001362
Ealing,E01001363
Ealing,E01001364
Ealing,E01001365
Ealing,E01001366
Ealing,E01001367
Ealing,E01001368
Ealing,E01001369
Ealing,E01001370
Ealing,E01001371
Ealing,E01001372
Ealing,E01001373
Ealing,E01001374
Ealing,E01001375
Ealing,E01001376
Ealing,E01001377
Ealing,E01001379
Ealing,E01001380
Ealing,E01001381
Ealing,E01001382
Ealing,E01001383
Ealing,E01001384
Ealing,E01001385
Ealing,E01001386
Ealing,E01001387
Ealing,E01001388
Ealing,E01001389
Ealing,E01032572
Ealing,E01032743
Ealing,E01032744
Enfield,E01001390
Enfield,E01001391
Enfield,E01001392
Enfield,E01001393
Enfield,E01001394
Enfield,E01001395
Enfield,E01001396
Enfield,E01001397
Enfield,E01001398
Enfield,E01001399
Enfield,E01001400
Enfield,E01001401
Enfield,E01001402
Enfield,E01001403
Enfield,E01001404
Enfield,E01001405
Enfield,E01001406
Enfield,E01001407
Enfield,E01001408
Enfield,E01001409
Enfield,E01001410
Enfield,E01001411
Enfield,E01001412
Enfield,E01001413
Enfield,E01001414
Enfield,E01001415
Enfield,E01001416
Enfield,E01001417
Enfield,E01001418
Enfield,E01001419
Enfield,E01001420
Enfield,E01001421
Enfield,E01001422
Enfield,E01001423
Enfield,E01001424
Enfield,E01001425
Enfield,E01001426
Enfield,E01001427
Enfield,E01001428
Enfield,E01001429
Enfield,E01001430
Enfield,E01001431
Enfield,E01001432
Enfield,E01001433
Enfield,E01001434
Enfield,E01001435
Enfield,E01001436
Enfield,E01001437
Enfield,E01001438
Enfield,E01001439
Enfield,E01001440
Enfield,E01001441
Enfield,E01001442
Enfield,E01001444
Enfield,E01001445
Enfield,E01001446
Enfield,E01001447
Enfield,E01001448
Enfield,E01001449
Enfield,E01001450
Enfield,E01001451
Enfield,E01001452
Enfield,E01001453
Enfield,E01001454
Enfield,E01001455
Enfield,E01001456
Enfield,E01001457
Enfield,E01001458
Enfield,E01001459
Enfield,E01001460
Enfield,E01001461
Enfield,E01001462
Enfield,E01001463
Enfield,E01001464
Enfield,E01001465
Enfield,E01001466
Enfield,E01001467
Enfield,E01001468
Enfield,E01001469
Enfield,E01001470
Enfield,E01001471
Enfield,E01001472
Enfield,E01001473
Enfield,E01001474
Enfield,E01001475
Enfield,E01001476
Enfield,E01001477
Enfield,E01001478
Enfield,E01001479
Enfield,E01001480
Enfield,E01001481
Enfield,E01001482
Enfield,E01001483
Enfield,E01001484
Enfield,E01001485
Enfield,E01001486
Enfield,E01001487
Enfield,E01001488
Enfield,E01001489
Enfield,E01001491
Enfield,E01001492
Enfield,E01001493
Enfield,E01001494
Enfield,E01001495
Enfield,E01001496
Enfield,E01001497
Enfield,E01001498
Enfield,E01001499
Enfield,E01001500
Enfield,E01001501
Enfield,E01001502
Enfield,E01001503
Enfield,E01001504
Enfield,E01001505
Enfield,E01001506
Enfield,E01001507
Enfield,E01001508
Enfield,E01001509
Enfield,E01001510
Enfield,E01001511
Enfield,E01001512
Enfield,E01001513
Enfield,E01001514
Enfield,E01001515
Enfield,E01001516
Enfield,E01001517
Enfield,E01001518
Enfield,E01001519
Enfield,E01001520
Enfield,E01001521
Enfield,E01001522
Enfield,E01001523
Enfield,E01001524
Enfield,E01001525
Enfield,E01001526
Enfield,E01001527
Enfield,E01001528
Enfield,E01001529
Enfield,E01001530
Enfield,E01001531
Enfield,E01001532
Enfield,E01001533
Enfield,E01001534
Enfield,E01001535
Enfield,E01001536
Enfield,E01001537
Enfield,E01001538
Enfield,E01001539
Enfield,E01001540
Enfield,E01001541
Enfield,E01001542
Enfield,E01001543
Enfield,E01001544
Enfield,E01001545
Enfield,E01001546
Enfield,E01001547
Enfield,E01001548
Enfield,E01001549
Enfield,E01001550
Enfield,E01001551
Enfield,E01001552
Enfield,E01001553
Enfield,E01001554
Enfield,E01001555
Enfield,E01001556
Enfield,E01001557
Enfield,E01001558
Enfield,E01001559
Enfield,E01001560
Enfield,E01001562
Enfield,E01001563
Enfield,E01001564
Enfield,E01001565
Enfield,E01001566
Enfield,E01001567
Enfield,E01001568
Enfield,E01001569
Enfield,E01001570
Enfield,E01032574
Enfield,E01033146
Enfield,E01033148
Enfield,E01033150
Enfield,E01033151
Greenwich,E01001571
Greenwich,E01001572
Greenwich,E01001573
Greenwich,E01001574
Greenwich,E01001575
Greenwich,E01001576
Greenwich,E01001577
Greenwich,E01001578
Greenwich,E01001579
Greenwich,E01001580
Greenwich,E01001581
Greenwich,E01001582
Greenwich,E01001583
Greenwich,E01001584
Greenwich,E01001585
Greenwich,E01001586
Greenwich,E01001587
Greenwich,E01001588
Greenwich,E01001589
Greenwich,E01001590
Greenwich,E01001591
Greenwich,E01001592
Greenwich,E01001593
Greenwich,E01001594
Greenwich,E01001595
Greenwich,E01001596
Greenwich,E01001597
Greenwich,E01001598
Greenwich,E01001599
Greenwich,E01001600
Greenwich,E01001601
Greenwich,E01001602
Greenwich,E01001603
Greenwich,E01001604
Greenwich,E01001605
Greenwich,E01001606
Greenwich,E01001607
Greenwich,E01001608
Greenwich,E01001609
Greenwich,E01001610
Greenwich,E01001611
Greenwich,E01001613
Greenwich,E01001614
Greenwich,E01001615
Greenwich,E01001617
Greenwich,E01001618
Greenwich,E01001619
Greenwich,E01001620
Greenwich,E01001621
Greenwich,E01001623
Greenwich,E01001624
Greenwich,E01001625
Greenwich,E01001629
Greenwich,E01001631
Greenwich,E01001632
Greenwich,E01001633
Greenwich,E01001634
Greenwich,E01001635
Greenwich,E01001636
Greenwich,E01001637
Greenwich,E01001638
Greenwich,E01001640
Greenwich,E01001641
Greenwich,E01001642
Greenwich,E01001644
Greenwich,E01001645
Greenwich,E01001646
Greenwich,E01001647
Greenwich,E01001648
Greenwich,E01001649
Greenwich,E01001650
Greenwich,E01001651
Greenwich,E01001652
Greenwich,E01001653
Greenwich,E01001654
Greenwich,E01001655
Greenwich,E01001656
Greenwich,E01001657
Greenwich,E01001658
Greenwich,E01001659
Greenwich,E01001660
Greenwich,E01001661
Greenwich,E01001662
Greenwich,E01001664
Greenwich,E01001665
Greenwich,E01001666
Greenwich,E01001667
Greenwich,E01001668
Greenwich,E01001669
Greenwich,E01001671
Greenwich,E01001672
Greenwich,E01001673
Greenwich,E01001674
Greenwich,E01001675
Greenwich,E01001676
Greenwich,E01001677
Greenwich,E01001678
Greenwich,E01001679
Greenwich,E01001680
Greenwich,E01001681
Greenwich,E01001682
Greenwich,E01001683
Greenwich,E01001684
Greenwich,E01001685
Greenwich,E01001686
Greenwich,E01001687
Greenwich,E01001688
Greenwich,E01001690
Greenwich,E01001692
Greenwich,E01001693
Greenwich,E01001694
Greenwich,E01001695
Greenwich,E01001696
Greenwich,E01001697
Greenwich,E01001698
Greenwich,E01001699
Greenwich,E01001700
Greenwich,E01001701
Greenwich,E01001702
Greenwich,E01001703
Greenwich,E01001704
Greenwich,E01001705
Greenwich,E01001706
Greenwich,E01001708
Greenwich,E01001709
Greenwich,E01001710
Greenwich,E01001711
Greenwich,E01001712
Greenwich,E01001713
Greenwich,E01032567
Greenwich,E01033726
Greenwich,E01033727
Greenwich,E01033728
Greenwich,E01033729
Greenwich,E01033730
Greenwich,E01033731
Greenwich,E01033732
Greenwich,E01033733
Greenwich,E01033734
Greenwich,E01033735
Greenwich,E01033736
Greenwich,E01033737
Greenwich,E01033738
Greenwich,E01033739
Greenwich,E01033740
Greenwich,E01033741
Greenwich,E01033742
Greenwich,E01033743
Greenwich,E01033744
Greenwich,E01033745
Greenwich,E01033746
Hackney,E01001714
Hackney,E01001715
Hackney,E01001716
Hackney,E01001717
Hackney,E01001718
Hackney,E01001719
Hackney,E01001720
Hackney,E01001722
Hackney,E01001723
Hackney,E01001724
Hackney,E01001725
Hackney,E01001726
Hackney,E01001727
Hackney,E01001728
Hackney,E01001729
Hackney,E01001730
Hackney,E01001731
Hackney,E01001732
Hackney,E01001733
Hackney,E01001734
Hackney,E01001735
Hackney,E01001736
Hackney,E01001737
Hackney,E01001738
Hackney,E01001739
Hackney,E01001740
Hackney,E01001741
Hackney,E01001742
Hackney,E01001744
Hackney,E01001745
Hackney,E01001746
Hackney,E01001747
Hackney,E01001748
Hackney,E01001749
Hackney,E01001750
Hackney,E01001751
Hackney,E01001752
Hackney,E01001753
Hackney,E01001754
Hackney,E01001755
Hackney,E01001756
Hackney,E01001757
Hackney,E01001758
Hackney,E01001759
Hackney,E01001760
Hackney,E01001761
Hackney,E01001762
Hackney,E01001763
Hackney,E01001764
Hackney,E01001765
Hackney,E01001767
Hackney,E01001768
Hackney,E01001769
Hackney,E01001770
Hackney,E01001772
Hackney,E01001773
Hackney,E01001774
Hackney,E01001775
Hackney,E01001776
Hackney,E01001777
Hackney,E01001779
Hackney,E01001780
Hackney,E01001781
Hackney,E01001782
Hackney,E01001783
Hackney,E01001784
Hackney,E01001785
Hackney,E01001786
Hackney,E01001787
Hackney,E01001788
Hackney,E01001789
Hackney,E01001790
Hackney,E01001791
Hackney,E01001792
Hackney,E01001793
Hackney,E01001794
Hackney,E01001795
Hackney,E01001796
Hackney,E01001798
Hackney,E01001799
Hackney,E01001800
Hackney,E01001801
Hackney,E01001802
Hackney,E01001803
Hackney,E01001804
Hackney,E01001805
Hackney,E01001806
Hackney,E01001807
Hackney,E01001808
Hackney,E01001809
Hackney,E01001811
Hackney,E01001812
Hackney,E01001813
Hackney,E01001814
Hackney,E01001815
Hackney,E01001816
Hackney,E01001819
Hackney,E01001820
Hackney,E01001821
Hackney,E01001822
Hackney,E01001823
Hackney,E01001824
Hackney,E01001825
Hackney,E01001826
Hackney,E01001827
Hackney,E01001828
Hackney,E01001829
Hackney,E01001830
Hackney,E01001831
Hackney,E01001832
Hackney,E01001833
Hackney,E01001834
Hackney,E01001835
Hackney,E01001836
Hackney,E01001837
Hackney,E01001838
Hackney,E01001839
Hackney,E01001840
Hackney,E01001841
Hackney,E01001842
Hackney,E01001843
Hackney,E01001844
Hackney,E01001845
Hackney,E01001846
Hackney,E01001847
Hackney,E01001848
Hackney,E01001849
Hackney,E01001850
Hackney,E01033698
Hackney,E01033699
Hackney,E01033700
Hackney,E01033701
Hackney,E01033702
Hackney,E01033703
Hackney,E01033704
Hackney,E01033705
Hackney,E01033706
Hackney,E01033707
Hackney,E01033708
Hackney,E01033709
Hackney,E01033710
Hackney,E01033711
Hackney,E01033712
Hackney,E01033713
Hammersmith and Fulham,E01001851
Hammersmith and Fulham,E01001852
Hammersmith and Fulham,E01001853
Hammersmith and Fulham,E01001854
Hammersmith and Fulham,E01001855
Hammersmith and Fulham,E01001856
Hammersmith and Fulham,E01001857
Hammersmith and Fulham,E01001858
Hammersmith and Fulham,E01001859
Hammersmith and Fulham,E01001860
Hammersmith and Fulham,E01001861
Hammersmith and Fulham,E01001862
Hammersmith and Fulham,E01001863
Hammersmith and Fulham,E01001864
Hammersmith and Fulham,E01001865
Hammersmith and Fulham,E01001866
Hammersmith and Fulham,E01001867
Hammersmith and Fulham,E01001868
Hammersmith and Fulham,E01001869
Hammersmith and Fulham,E01001870
Hammersmith and Fulham,E01001871
Hammersmith and Fulham,E01001872
Hammersmith and Fulham,E01001873
Hammersmith and Fulham,E01001874
Hammersmith and Fulham,E01001875
Hammersmith and Fulham,E01001876
Hammersmith and Fulham,E01001877
Hammersmith and Fulham,E01001878
Hammersmith and Fulham,E01001879
Hammersmith and Fulham,E01001880
Hammersmith and Fulham,E01001881
Hammersmith and Fulham,E01001882
Hammersmith and Fulham,E01001883
Hammersmith and Fulham,E01001884
Hammersmith and Fulham,E01001885
Hammersmith and Fulham,E01001886
Hammersmith and Fulham,E01001887
Hammersmith and Fulham,E01001888
Hammersmith and Fulham,E01001889
Hammersmith and Fulham,E01001890
Hammersmith and Fulham,E01001891
Hammersmith and Fulham,E01001892
Hammersmith and Fulham,E01001893
Hammersmith and Fulham,E01001894
Hammersmith and Fulham,E01001895
Hammersmith and Fulham,E01001896
Hammersmith and Fulham,E01001897
Hammersmith and Fulham,E01001898
Hammersmith and Fulham,E01001899
Hammersmith and Fulham,E01001900
Hammersmith and Fulham,E01001901
Hammersmith and Fulham,E01001902
Hammersmith and Fulham,E01001903
Hammersmith and Fulham,E01001904
Hammersmith and Fulham,E01001905
Hammersmith and Fulham,E01001906
Hammersmith and Fulham,E01001907
Hammersmith and Fulham,E01001908
Hammersmith and Fulham,E01001909
Hammersmith and Fulham,E01001910
Hammersmith and Fulham,E01001911
Hammersmith and Fulham,E01001912
Hammersmith and Fulham,E01001913
Hammersmith and Fulham,E01001914
Hammersmith and Fulham,E01001915
Hammersmith and Fulham,E01001916
Hammersmith and Fulham,E01001917
Hammersmith and Fulham,E01001918
Hammersmith and Fulham,E01001919
Hammersmith and Fulham,E01001920
Hammersmith and Fulham,E01001921
Hammersmith and Fulham,E01001922
Hammersmith and Fulham,E01001923
Hammersmith and Fulham,E01001924
Hammersmith and Fulham,E01001925
Hammersmith and Fulham,E01001926
Hammersmith and Fulham,E01001927
Hammersmith and Fulham,E01001928
Hammersmith and Fulham,E01001929
Hammersmith and Fulham,E01001930
Hammersmith and Fulham,E01001931
Hammersmith and Fulham,E01001932
Hammersmith and Fulham,E01001933
Hammersmith and Fulham,E01001934
Hammersmith and Fulham,E01001935
Hammersmith and Fulham,E01001937
Hammersmith and Fulham,E01001938
Hammersmith and Fulham,E01001939
Hammersmith and Fulham,E01001940
Hammersmith and Fulham,E01001941
Hammersmith and Fulham,E01001942
Hammersmith and Fulham,E01001943
Hammersmith and Fulham,E01001944
Hammersmith and Fulham,E01001945
Hammersmith and Fulham,E01001946
Hammersmith and Fulham,E01001947
Hammersmith and Fulham,E01001948
Hammersmith and Fulham,E01001949
Hammersmith and Fulham,E01001950
Hammersmith and Fulham,E01001951
Hammersmith and Fulham,E01001952
Hammersmith and Fulham,E01001953
Hammersmith and Fulham,E01001954
Hammersmith and Fulham,E01001955
Hammersmith and Fulham,E01001956
Hammersmith and Fulham,E01001957
Hammersmith and Fulham,E01001958
Hammersmith and Fulham,E01001959
Hammersmith and Fulham,E01001960
Hammersmith and Fulham,E01001961
Hammersmith and Fulham,E01032788
Hammersmith and Fulham,E01032789
Hammersmith and Fulham,E01032790
Haringey,E01001962
Haringey,E01001963
Haringey,E01001964
Haringey,E01001965
Haringey,E01001966
Haringey,E01001967
Haringey,E01001968
Haringey,E01001969
Haringey,E01001970
Haringey,E01001971
Haringey,E01001972
Haringey,E01001973
Haringey,E01001974
Haringey,E01001975
Haringey,E01001976
Haringey,E01001977
Haringey,E01001978
Haringey,E01001979
Haringey,E01001980
Haringey,E01001981
Haringey,E01001982
Haringey,E01001983
Haringey,E01001984
Haringey,E01001985
Haringey,E01001986
Haringey,E01001987
Haringey,E01001988
Haringey,E01001989
Haringey,E01001990
Haringey,E01001991
Haringey,E01001992
Haringey,E01001993
Haringey,E01001994
Haringey,E01001995
Haringey,E01001996
Haringey,E01001997
Haringey,E01001998
Haringey,E01001999
Haringey,E01002000
Haringey,E01002001
Haringey,E01002002
Haringey,E01002003
Haringey,E01002004
Haringey,E01002005
Haringey,E01002006
Haringey,E01002007
Haringey,E01002008
Haringey,E01002009
Haringey,E01002010
Haringey,E01002011
Haringey,E01002013
Haringey,E01002014
Haringey,E01002015
Haringey,E01002016
Haringey,E01002017
Haringey,E01002018
Haringey,E01002019
Haringey,E01002020
Haringey,E01002021
Haringey,E01002022
Haringey,E01002023
Haringey,E01002024
Haringey,E01002025
Haringey,E01002026
Haringey,E01002027
Haringey,E01002028
Haringey,E01002029
Haringey,E01002030
Haringey,E01002031
Haringey,E01002032
Haringey,E01002033
Haringey,E01002034
Haringey,E01002036
Haringey,E01002037
Haringey,E01002038
Haringey,E01002039
Haringey,E01002040
Haringey,E01002041
Haringey,E01002042
Haringey,E01002043
Haringey,E01002044
Haringey,E01002045
Haringey,E01002046
Haringey,E01002047
Haringey,E01002048
Haringey,E01002049
Haringey,E01002050
Haringey,E01002051
Haringey,E01002052
Haringey,E01002053
Haringey,E01002054
Haringey,E01002055
Haringey,E01002056
Haringey,E01002057
Haringey,E01002058
Haringey,E01002059
Haringey,E01002060
Haringey,E01002061
Haringey,E01002062
Haringey,E01002063
Haringey,E01002064
Haringey,E01002065
Haringey,E01002066
Haringey,E01002067
Haringey,E01002068
Haringey,E01002069
Haringey,E01002070
Haringey,E01002071
Haringey,E01002072
Haringey,E01002073
Haringey,E01002074
Haringey,E01002075
Haringey,E01002076
Haringey,E01002077
Haringey,E01002078
Haringey,E01002079
Haringey,E01002080
Haringey,E01002081
Haringey,E01002082
Haringey,E01002083
Haringey,E01002084
Haringey,E01002085
Haringey,E01002086
Haringey,E01002087
Haringey,E01002088
Haringey,E01002089
Haringey,E01002090
Haringey,E01002091
Haringey,E01002092
Haringey,E01002093
Haringey,E01002094
Haringey,E01002095
Haringey,E01002096
Haringey,E01002097
Haringey,E01002098
Haringey,E01002099
Haringey,E01002100
Haringey,E01002101
Haringey,E01002102
Haringey,E01002103
Haringey,E01002104
Haringey,E01002105
Haringey,E01032575
Haringey,E01033085
Haringey,E01033086
Harrow,E01002106
Harrow,E01002107
Harrow,E01002108
Harrow,E01002109
Harrow,E01002110
Harrow,E01002111
Harrow,E01002112
Harrow,E01002113
Harrow,E01002114
Harrow,E01002115
Harrow,E01002116
Harrow,E01002117
Harrow,E01002118
Harrow,E01002119
Harrow,E01002120
Harrow,E01002121
Harrow,E01002122
Harrow,E01002123
Harrow,E01002124
Harrow,E01002125
Harrow,E01002126
Harrow,E01002127
Harrow,E01002128
Harrow,E01002129
Harrow,E01002130
Harrow,E01002131
Harrow,E01002132
Harrow,E01002133
Harrow,E01002134
Harrow,E01002135
Harrow,E01002136
Harrow,E01002137
Harrow,E01002138
Harrow,E01002139
Harrow,E01002140
Harrow,E01002141
Harrow,E01002142
Harrow,E01002143
Harrow,E01002144
Harrow,E01002145
Harrow,E01002146
Harrow,E01002147
Harrow,E01002148
Harrow,E01002149
Harrow,E01002150
Harrow,E01002151
Harrow,E01002152
Harrow,E01002153
Harrow,E01002154
Harrow,E01002155
Harrow,E01002156
Harrow,E01002157
Harrow,E01002158
Harrow,E01002159
Harrow,E01002160
Harrow,E01002161
Harrow,E01002162
Harrow,E01002163
Harrow,E01002164
Harrow,E01002165
Harrow,E01002166
Harrow,E01002167
Harrow,E01002168
Harrow,E01002169
Harrow,E01002170
Harrow,E01002171
Harrow,E01002172
Harrow,E01002173
Harrow,E01002174
Harrow,E01002175
Harrow,E01002176
Harrow,E01002177
Harrow,E01002178
Harrow,E01002179
Harrow,E01002180
Harrow,E01002181
Harrow,E01002182
Harrow,E01002183
Harrow,E01002184
Harrow,E01002185
Harrow,E01002186
Harrow,E01002187
Harrow,E01002188
Harrow,E01002189
Harrow,E01002190
Harrow,E01002191
Harrow,E01002192
Harrow,E01002193
Harrow,E01002194
Harrow,E01002195
Harrow,E01002196
Harrow,E01002197
Harrow,E01002198
Harrow,E01002199
Harrow,E01002200
Harrow,E01002201
Harrow,E01002202
Harrow,E01002203
Harrow,E01002204
Harrow,E01002206
Harrow,E01002207
Harrow,E01002208
Harrow,E01002209
Harrow,E01002210
Harrow,E01002211
Harrow,E01002212
Harrow,E01002213
Harrow,E01002214
Harrow,E01002215
Harrow,E01002216
Harrow,E01002217
Harrow,E01002218
Harrow,E01002219
Harrow,E01002220
Harrow,E01002221
Harrow,E01002222
Harrow,E01002223
Harrow,E01002224
Harrow,E01002225
Harrow,E01002226
Harrow,E01002227
Harrow,E01002228
Harrow,E01002229
Harrow,E01002230
Harrow,E01002231
Harrow,E01002232
Harrow,E01002233
Harrow,E01002234
Harrow,E01002235
Harrow,E01002236
Harrow,E01002237
Harrow,E01002238
Harrow,E01002239
Harrow,E01002240
Harrow,E01002241
Harrow,E01002242
Harrow,E01032576
Havering,E01002243
Havering,E01002244
Havering,E01002245
Havering,E01002246
Havering,E01002247
Havering,E01002248
Havering,E01002249
Havering,E01002250
Havering,E01002251
Havering,E01002252
Havering,E01002253
Havering,E01002254
Havering,E01002255
Havering,E01002256
Havering,E01002257
Havering,E01002258
Havering,E01002259
Havering,E01002260
Havering,E01002261
Havering,E01002262
Havering,E01002263
Havering,E01002264
Havering,E01002265
Havering,E01002266
Havering,E01002267
Havering,E01002268
Havering,E01002269
Havering,E01002270
Havering,E01002271
Havering,E01002272
Havering,E01002273
Havering,E01002274
Havering,E01002275
Havering,E01002276
Havering,E01002277
Havering,E01002278
Havering,E01002279
Havering,E01002280
Havering,E01002281
Havering,E01002282
Havering,E01002283
Havering,E01002284
Havering,E01002285
Havering,E01002286
Havering,E01002287
Havering,E01002288
Havering,E01002289
Havering,E01002290
Havering,E01002291
Havering,E01002292
Havering,E01002293
Havering,E01002294
Havering,E01002295
Havering,E01002296
Havering,E01002297
Havering,E01002298
Havering,E01002299
Havering,E01002300
Havering,E01002301
Havering,E01002302
Havering,E01002303
Havering,E01002304
Havering,E01002305
Havering,E01002306
Havering,E01002307
Havering,E01002308
Havering,E01002309
Havering,E01002310
Havering,E01002311
Havering,E01002312
Havering,E01002313
Havering,E01002314
Havering,E01002315
Havering,E01002316
Havering,E01002317
Havering,E01002318
Havering,E01002319
Havering,E01002320
Havering,E01002321
Havering,E01002322
Havering,E01002323
Havering,E01002324
Havering,E01002325
Havering,E01002326
Havering,E01002327
Havering,E01002328
Havering,E01002329
Havering,E01002330
Havering,E01002331
Havering,E01002332
Havering,E01002333
Havering,E01002334
Havering,E01002335
Havering,E01002336
Havering,E01002337
Havering,E01002338
Havering,E01002339
Havering,E01002340
Havering,E01002341
Havering,E01002342
Havering,E01002343
Havering,E01002344
Havering,E01002345
Havering,E01002346
Havering,E01002347
Havering,E01002348
Havering,E01002349
Havering,E01002350
Havering,E01002351
Havering,E01002352
Havering,E01002353
Havering,E01002354
Havering,E01002355
Havering,E01002356
Havering,E01002358
Havering,E01002359
Havering,E01002360
Havering,E01002361
Havering,E01002362
Havering,E01002363
Havering,E01002364
Havering,E01002365
Havering,E01002366
Havering,E01002367
Havering,E01002368
Havering,E01002369
Havering,E01002370
Havering,E01002371
Havering,E01002372
Havering,E01002373
Havering,E01002374
Havering,E01002375
Havering,E01002376
Havering,E01002377
Havering,E01002378
Havering,E01002379
Havering,E01002380
Havering,E01002381
Havering,E01002382
Havering,E01002383
Havering,E01002384
Havering,E01002385
Havering,E01002386
Havering,E01002387
Havering,E01002388
Havering,E01002389
Havering,E01002390
Havering,E01002391
Havering,E01032741
Havering,E01032742
Hillingdon,E01002392
Hillingdon,E01002393
Hillingdon,E01002394
Hillingdon,E01002395
Hillingdon,E01002396
Hillingdon,E01002397
Hillingdon,E01002398
Hillingdon,E01002399
Hillingdon,E01002400
Hillingdon,E01002401
Hillingdon,E01002402
Hillingdon,E01002403
Hillingdon,E01002404
Hillingdon,E01002405
Hillingdon,E01002406
Hillingdon,E01002407
Hillingdon,E01002408
Hillingdon,E01002409
Hillingdon,E01002410
Hillingdon,E01002411
Hillingdon,E01002412
Hillingdon,E01002413
Hillingdon,E01002414
Hillingdon,E01002415
Hillingdon,E01002416
Hillingdon,E01002417
Hillingdon,E01002418
Hillingdon,E01002419
Hillingdon,E01002420
Hillingdon,E01002421
Hillingdon,E01002422
Hillingdon,E01002423
Hillingdon,E01002424
Hillingdon,E01002425
Hillingdon,E01002426
Hillingdon,E01002427
Hillingdon,E01002428
Hillingdon,E01002429
Hillingdon,E01002430
Hillingdon,E01002431
Hillingdon,E01002432
Hillingdon,E01002433
Hillingdon,E01002434
Hillingdon,E01002435
Hillingdon,E01002436
Hillingdon,E01002437
Hillingdon,E01002438
Hillingdon,E01002439
Hillingdon,E01002440
Hillingdon,E01002441
Hillingdon,E01002442
Hillingdon,E01002443
Hillingdon,E01002444
Hillingdon,E01002445
Hillingdon,E01002446
Hillingdon,E01002447
Hillingdon,E01002448
Hillingdon,E01002449
Hillingdon,E01002450
Hillingdon,E01002451
Hillingdon,E01002452
Hillingdon,E01002453
Hillingdon,E01002454
Hillingdon,E01002455
Hillingdon,E01002456
Hillingdon,E01002457
Hillingdon,E01002458
Hillingdon,E01002459
Hillingdon,E01002460
Hillingdon,E01002461
Hillingdon,E01002462
Hillingdon,E01002463
Hillingdon,E01002464
Hillingdon,E01002465
Hillingdon,E01002466
Hillingdon,E01002467
Hillingdon,E01002468
Hillingdon,E01002469
Hillingdon,E01002470
Hillingdon,E01002471
Hillingdon,E01002472
Hillingdon,E01002473
Hillingdon,E01002474
Hillingdon,E01002475
Hillingdon,E01002476
Hillingdon,E01002477
Hillingdon,E01002478
Hillingdon,E01002479
Hillingdon,E01002480
Hillingdon,E01002481
Hillingdon,E01002482
Hillingdon,E01002483
Hillingdon,E01002484
Hillingdon,E01002485
Hillingdon,E01002486
Hillingdon,E01002487
Hillingdon,E01002488
Hillingdon,E01002489
Hillingdon,E01002490
Hillingdon,E01002491
Hillingdon,E01002492
Hillingdon,E01002493
Hillingdon,E01002494
Hillingdon,E01002495
Hillingdon,E01002496
Hillingdon,E01002497
Hillingdon,E01002498
Hillingdon,E01002499
Hillingdon,E01002501
Hillingdon,E01002502
Hillingdon,E01002503
Hillingdon,E01002504
Hillingdon,E01002505
Hillingdon,E01002506
Hillingdon,E01002507
Hillingdon,E01002508
Hillingdon,E01002509
Hillingdon,E01002511
Hillingdon,E01002512
Hillingdon,E01002513
Hillingdon,E01002514
Hillingdon,E01002515
Hillingdon,E01002516
Hillingdon,E01002518
Hillingdon,E01002519
Hillingdon,E01002520
Hillingdon,E01002521
Hillingdon,E01002523
Hillingdon,E01002525
Hillingdon,E01002526
Hillingdon,E01002527
Hillingdon,E01002528
Hillingdon,E01002529
Hillingdon,E01002530
Hillingdon,E01002531
Hillingdon,E01002532
Hillingdon,E01002533
Hillingdon,E01002534
Hillingdon,E01002535
Hillingdon,E01002536
Hillingdon,E01002537
Hillingdon,E01002538
Hillingdon,E01002539
Hillingdon,E01002540
Hillingdon,E01002541
Hillingdon,E01002542
Hillingdon,E01002543
Hillingdon,E01002544
Hillingdon,E01002545
Hillingdon,E01002546
Hillingdon,E01002547
Hillingdon,E01002548
Hillingdon,E01002549
Hillingdon,E01002550
Hillingdon,E01002551
Hillingdon,E01002552
Hillingdon,E01002553
Hillingdon,E01002554
Hillingdon,E01032577
Hillingdon,E01033724
Hillingdon,E01033725
Hounslow,E01002555
Hounslow,E01002556
Hounslow,E01002557
Hounslow,E01002558
Hounslow,E01002559
Hounslow,E01002560
Hounslow,E01002561
Hounslow,E01002562
Hounslow,E01002563
Hounslow,E01002564
Hounslow,E01002565
Hounslow,E01002566
Hounslow,E01002567
Hounslow,E01002568
Hounslow,E01002569
Hounslow,E01002570
Hounslow,E01002571
Hounslow,E01002572
Hounslow,E01002573
Hounslow,E01002574
Hounslow,E01002575
Hounslow,E01002576
Hounslow,E01002577
Hounslow,E01002578
Hounslow,E01002579
Hounslow,E01002580
Hounslow,E01002581
Hounslow,E01002582
Hounslow,E01002583
Hounslow,E01002584
Hounslow,E01002585
Hounslow,E01002586
Hounslow,E01002587
Hounslow,E01002588
Hounslow,E01002589
Hounslow,E01002590
Hounslow,E01002591
Hounslow,E01002592
Hounslow,E01002593
Hounslow,E01002594
Hounslow,E01002595
Hounslow,E01002596
Hounslow,E01002598
Hounslow,E01002599
Hounslow,E01002600
Hounslow,E01002601
Hounslow,E01002602
Hounslow,E01002603
Hounslow,E01002604
Hounslow,E01002605
Hounslow,E01002606
Hounslow,E01002607
Hounslow,E01002608
Hounslow,E01002609
Hounslow,E01002610
Hounslow,E01002611
Hounslow,E01002612
Hounslow,E01002613
Hounslow,E01002614
Hounslow,E01002615
Hounslow,E01002616
Hounslow,E01002617
Hounslow,E01002618
Hounslow,E01002619
Hounslow,E01002620
Hounslow,E01002621
Hounslow,E01002622
Hounslow,E01002623
Hounslow,E01002624
Hounslow,E01002625
Hounslow,E01002626
Hounslow,E01002627
Hounslow,E01002628
Hounslow,E01002629
Hounslow,E01002630
Hounslow,E01002631
Hounslow,E01002632
Hounslow,E01002633
Hounslow,E01002634
Hounslow,E01002635
Hounslow,E01002636
Hounslow,E01002637
Hounslow,E01002638
Hounslow,E01002639
Hounslow,E01002640
Hounslow,E01002641
Hounslow,E01002642
Hounslow,E01002643
Hounslow,E01002645
Hounslow,E01002646
Hounslow,E01002647
Hounslow,E01002648
Hounslow,E01002649
Hounslow,E01002650
Hounslow,E01002651
Hounslow,E01002652
Hounslow,E01002653
Hounslow,E01002654
Hounslow,E01002655
Hounslow,E01002656
Hounslow,E01002657
Hounslow,E01002658
Hounslow,E01002659
Hounslow,E01002660
Hounslow,E01002661
Hounslow,E01002662
Hounslow,E01002663
Hounslow,E01002664
Hounslow,E01002665
Hounslow,E01002666
Hounslow,E01002667
Hounslow,E01002668
Hounslow,E01002669
Hounslow,E01002670
Hounslow,E01002671
Hounslow,E01002672
Hounslow,E01002673
Hounslow,E01002674
Hounslow,E01002675
Hounslow,E01002676
Hounslow,E01002677
Hounslow,E01002678
Hounslow,E01002679
Hounslow,E01002680
Hounslow,E01002681
Hounslow,E01002682
Hounslow,E01002683
Hounslow,E01002684
Hounslow,E01002686
Hounslow,E01002687
Hounslow,E01002689
Hounslow,E01002690
Hounslow,E01002691
Hounslow,E01002692
Hounslow,E01002693
Hounslow,E01032573
Hounslow,E01033000
Hounslow,E01033030
Hounslow,E01033081
Hounslow,E01033082
Hounslow,E01033083
Hounslow,E01033084
Islington,E01002694
Islington,E01002695
Islington,E01002696
Islington,E01002697
Islington,E01002698
Islington,E01002699
Islington,E01002700
Islington,E01002701
Islington,E01002702
Islington,E01002703
Islington,E01002704
Islington,E01002706
Islington,E01002707
Islington,E01002708
Islington,E01002709
Islington,E01002710
Islington,E01002711
Islington,E01002712
Islington,E01002713
Islington,E01002714
Islington,E01002715
Islington,E01002716
Islington,E01002717
Islington,E01002718
Islington,E01002719
Islington,E01002720
Islington,E01002721
Islington,E01002722
Islington,E01002723
Islington,E01002724
Islington,E01002725
Islington,E01002726
Islington,E01002727
Islington,E01002728
Islington,E01002729
Islington,E01002730
Islington,E01002731
Islington,E01002732
Islington,E01002733
Islington,E01002734
Islington,E01002735
Islington,E01002736
Islington,E01002737
Islington,E01002738
Islington,E01002739
Islington,E01002740
Islington,E01002741
Islington,E01002742
Islington,E01002743
Islington,E01002744
Islington,E01002745
Islington,E01002747
Islington,E01002748
Islington,E01002749
Islington,E01002751
Islington,E01002752
Islington,E01002753
Islington,E01002754
Islington,E01002755
Islington,E01002756
Islington,E01002757
Islington,E01002758
Islington,E01002759
Islington,E01002760
Islington,E01002762
Islington,E01002763
Islington,E01002764
Islington,E01002765
Islington,E01002766
Islington,E01002767
Islington,E01002768
Islington,E01002769
Islington,E01002770
Islington,E01002771
Islington,E01002772
Islington,E01002773
Islington,E01002774
Islington,E01002775
Islington,E01002776
Islington,E01002777
Islington,E01002778
Islington,E01002779
Islington,E01002780
Islington,E01002781
Islington,E01002782
Islington,E01002783
Islington,E01002784
Islington,E01002785
Islington,E01002786
Islington,E01002787
Islington,E01002788
Islington,E01002789
Islington,E01002790
Islington,E01002791
Islington,E01002792
Islington,E01002793
Islington,E01002794
Islington,E01002795
Islington,E01002796
Islington,E01002797
Islington,E01002798
Islington,E01002799
Islington,E01002800
Islington,E01002801
Islington,E01002802
Islington,E01002803
Islington,E01002804
Islington,E01002805
Islington,E01002806
Islington,E01002807
Islington,E01002808
Islington,E01002809
Islington,E01002810
Islington,E01002811
Islington,E01033486
Islington,E01033487
Islington,E01033488
Islington,E01033489
Islington,E01033490
Islington,E01033491
Islington,E01033492
Islington,E01033493
Islington,E01033494
Kensington and Chelsea,E01002812
Kensington and Chelsea,E01002813
Kensington and Chelsea,E01002814
Kensington and Chelsea,E01002815
Kensington and Chelsea,E01002816
Kensington and Chelsea,E01002817
Kensington and Chelsea,E01002818
Kensington and Chelsea,E01002819
Kensington and Chelsea,E01002820
Kensington and Chelsea,E01002821
Kensington and Chelsea,E01002822
Kensington and Chelsea,E01002823
Kensington and Chelsea,E01002824
Kensington and Chelsea,E01002825
Kensington and Chelsea,E01002826
Kensington and Chelsea,E01002827
Kensington and Chelsea,E01002828
Kensington and Chelsea,E01002829
Kensington and Chelsea,E01002830
Kensington and Chelsea,E01002831
Kensington and Chelsea,E01002832
Kensington and Chelsea,E01002833
Kensington and Chelsea,E01002834
Kensington and Chelsea,E01002835
Kensington and Chelsea,E01002836
Kensington and Chelsea,E01002837
Kensington and Chelsea,E01002838
Kensington and Chelsea,E01002839
Kensington and Chelsea,E01002840
Kensington and Chelsea,E01002841
Kensington and Chelsea,E01002842
Kensington and Chelsea,E01002843
Kensington and Chelsea,E01002844
Kensington and Chelsea,E01002845
Kensington and Chelsea,E01002846
Kensington and Chelsea,E01002847
Kensington and Chelsea,E01002848
Kensington and Chelsea,E01002849
Kensington and Chelsea,E01002850
Kensington and Chelsea,E01002851
Kensington and Chelsea,E01002852
Kensington and Chelsea,E01002853
Kensington and Chelsea,E01002854
Kensington and Chelsea,E01002855
Kensington and Chelsea,E01002856
Kensington and Chelsea,E01002857
Kensington and Chelsea,E01002858
Kensington and Chelsea,E01002859
Kensington and Chelsea,E01002860
Kensington and Chelsea,E01002861
Kensington and Chelsea,E01002862
Kensington and Chelsea,E01002863
Kensington and Chelsea,E01002864
Kensington and Chelsea,E01002865
Kensington and Chelsea,E01002866
Kensington and Chelsea,E01002867
Kensington and Chelsea,E01002868
Kensington and Chelsea,E01002869
Kensington and Chelsea,E01002870
Kensington and Chelsea,E01002871
Kensington and Chelsea,E01002872
Kensington and Chelsea,E01002873
Kensington and Chelsea,E01002874
Kensington and Chelsea,E01002875
Kensington and Chelsea,E01002876
Kensington and Chelsea,E01002877
Kensington and Chelsea,E01002878
Kensington and Chelsea,E01002879
Kensington and Chelsea,E01002880
Kensington and Chelsea,E01002881
Kensington and Chelsea,E01002882
Kensington and Chelsea,E01002883
Kensington and Chelsea,E01002884
Kensington and Chelsea,E01002885
Kensington and Chelsea,E01002886
Kensington and Chelsea,E01002887
Kensington and Chelsea,E01002888
Kensington and Chelsea,E01002889
Kensington and Chelsea,E01002890
Kensington and Chelsea,E01002891
Kensington and Chelsea,E01002892
Kensington and Chelsea,E01002893
Kensington and Chelsea,E01002894
Kensington and Chelsea,E01002895
Kensington and Chelsea,E01002896
Kensington and Chelsea,E01002897
Kensington and Chelsea,E01002898
Kensington and Chelsea,E01002899
Kensington and Chelsea,E01002900
Kensington and Chelsea,E01002901
Kensington and Chelsea,E01002902
Kensington and Chelsea,E01002903
Kensington and Chelsea,E01002904
Kensington and Chelsea,E01002905
Kensington and Chelsea,E01002906
Kensington and Chelsea,E01002907
Kensington and Chelsea,E01002908
Kensington and Chelsea,E01002909
Kensington and Chelsea,E01002910
Kensington and Chelsea,E01002911
Kensington and Chelsea,E01002912
Kensington and Chelsea,E01002913
Kensington and Chelsea,E01002914
Kingston upon Thames,E01002915
Kingston upon Thames,E01002916
Kingston upon Thames,E01002917
Kingston upon Thames,E01002918
Kingston upon Thames,E01002919
Kingston upon Thames,E01002920
Kingston upon Thames,E01002921
Kingston upon Thames,E01002922
Kingston upon Thames,E01002923
Kingston upon Thames,E01002924
Kingston upon Thames,E01002925
Kingston upon Thames,E01002926
Kingston upon Thames,E01002927
Kingston upon Thames,E01002928
Kingston upon Thames,E01002929
Kingston upon Thames,E01002930
Kingston upon Thames,E01002931
Kingston upon Thames,E01002932
Kingston upon Thames,E01002933
Kingston upon Thames,E01002934
Kingston upon Thames,E01002935
Kingston upon Thames,E01002937
Kingston upon Thames,E01002938
Kingston upon Thames,E01002939
Kingston upon Thames,E01002940
Kingston upon Thames,E01002941
Kingston upon Thames,E01002942
Kingston upon Thames,E01002943
Kingston upon Thames,E01002944
Kingston upon Thames,E01002945
Kingston upon Thames,E01002946
Kingston upon Thames,E01002947
Kingston upon Thames,E01002948
Kingston upon Thames,E01002949
Kingston upon Thames,E01002950
Kingston upon Thames,E01002951
Kingston upon Thames,E01002952
Kingston upon Thames,E01002953
Kingston upon Thames,E01002954
Kingston upon Thames,E01002955
Kingston upon Thames,E01002956
Kingston upon Thames,E01002957
Kingston upon Thames,E01002958
Kingston upon Thames,E01002959
Kingston upon Thames,E01002960
Kingston upon Thames,E01002961
Kingston upon Thames,E01002962
Kingston upon Thames,E01002963
Kingston upon Thames,E01002964
Kingston upon Thames,E01002965
Kingston upon Thames,E01002966
Kingston upon Thames,E01002967
Kingston upon Thames,E01002968
Kingston upon Thames,E01002969
Kingston upon Thames,E01002970
Kingston upon Thames,E01002971
Kingston upon Thames,E01002972
Kingston upon Thames,E01002973
Kingston upon Thames,E01002974
Kingston upon Thames,E01002975
Kingston upon Thames,E01002976
Kingston upon Thames,E01002977
Kingston upon Thames,E01002978
Kingston upon Thames,E01002979
Kingston upon Thames,E01002980
Kingston upon Thames,E01002981
Kingston upon Thames,E01002982
Kingston upon Thames,E01002983
Kingston upon Thames,E01002984
Kingston upon Thames,E01002985
Kingston upon Thames,E01002986
Kingston upon Thames,E01002987
Kingston upon Thames,E01002988
Kingston upon Thames,E01002989
Kingston upon Thames,E01002990
Kingston upon Thames,E01002991
Kingston upon Thames,E01002992
Kingston upon Thames,E01002993
Kingston upon Thames,E01002994
Kingston upon Thames,E01002995
Kingston upon Thames,E01002996
Kingston upon Thames,E01002997
Kingston upon Thames,E01002998
Kingston upon Thames,E01002999
Kingston upon Thames,E01003000
Kingston upon Thames,E01003001
Kingston upon Thames,E01003002
Kingston upon Thames,E01003003
Kingston upon Thames,E01003004
Kingston upon Thames,E01003005
Kingston upon Thames,E01003006
Kingston upon Thames,E01003007
Kingston upon Thames,E01003008
Kingston upon Thames,E01003009
Kingston upon Thames,E01003010
Kingston upon Thames,E01003011
Kingston upon Thames,E01033568
Kingston upon Thames,E01033569
Lambeth,E01003013
Lambeth,E01003014
Lambeth,E01003015
Lambeth,E01003016
Lambeth,E01003017
Lambeth,E01003018
Lambeth,E01003019
Lambeth,E01003020
Lambeth,E01003021
Lambeth,E01003022
Lambeth,E01003023
Lambeth,E01003024
Lambeth,E01003025
Lambeth,E01003026
Lambeth,E01003027
Lambeth,E01003028
Lambeth,E01003029
Lambeth,E01003030
Lambeth,E01003031
Lambeth,E01003032
Lambeth,E01003033
Lambeth,E01003034
Lambeth,E01003035
Lambeth,E01003036
Lambeth,E01003037
Lambeth,E01003038
Lambeth,E01003039
Lambeth,E01003040
Lambeth,E01003041
Lambeth,E01003042
Lambeth,E01003043
Lambeth,E01003044
Lambeth,E01003045
Lambeth,E01003046
Lambeth,E01003047
Lambeth,E01003048
Lambeth,E01003049
Lambeth,E01003050
Lambeth,E01003051
Lambeth,E01003052
Lambeth,E01003053
Lambeth,E01003054
Lambeth,E01003055
Lambeth,E01003056
Lambeth,E01003057
Lambeth,E01003058
Lambeth,E01003059
Lambeth,E01003060
Lambeth,E01003061
Lambeth,E01003062
Lambeth,E01003063
Lambeth,E01003064
Lambeth,E01003065
Lambeth,E01003066
Lambeth,E01003067
Lambeth,E01003068
Lambeth,E01003069
Lambeth,E01003070
Lambeth,E01003071
Lambeth,E01003072
Lambeth,E01003073
Lambeth,E01003074
Lambeth,E01003075
Lambeth,E01003076
Lambeth,E01003077
Lambeth,E01003078
Lambeth,E01003079
Lambeth,E01003080
Lambeth,E01003081
Lambeth,E01003082
Lambeth,E01003083
Lambeth,E01003084
Lambeth,E01003085
Lambeth,E01003086
Lambeth,E01003087
Lambeth,E01003088
Lambeth,E01003089
Lambeth,E01003090
Lambeth,E01003091
Lambeth,E01003092
Lambeth,E01003093
Lambeth,E01003094
Lambeth,E01003095
Lambeth,E01003096
Lambeth,E01003097
Lambeth,E01003098
Lambeth,E01003099
Lambeth,E01003100
Lambeth,E01003101
Lambeth,E01003102
Lambeth,E01003104
Lambeth,E01003105
Lambeth,E01003106
Lambeth,E01003107
Lambeth,E01003108
Lambeth,E01003109
Lambeth,E01003110
Lambeth,E01003111
Lambeth,E01003112
Lambeth,E01003113
Lambeth,E01003114
Lambeth,E01003115
Lambeth,E01003116
Lambeth,E01003117
Lambeth,E01003118
Lambeth,E01003119
Lambeth,E01003120
Lambeth,E01003121
Lambeth,E01003122
Lambeth,E01003123
Lambeth,E01003124
Lambeth,E01003125
Lambeth,E01003126
Lambeth,E01003127
Lambeth,E01003128
Lambeth,E01003129
Lambeth,E01003130
Lambeth,E01003131
Lambeth,E01003132
Lambeth,E01003133
Lambeth,E01003134
Lambeth,E01003135
Lambeth,E01003136
Lambeth,E01003137
Lambeth,E01003138
Lambeth,E01003139
Lambeth,E01003140
Lambeth,E01003141
Lambeth,E01003142
Lambeth,E01003143
Lambeth,E01003144
Lambeth,E01003145
Lambeth,E01003146
Lambeth,E01003147
Lambeth,E01003148
Lambeth,E01003149
Lambeth,E01003150
Lambeth,E01003151
Lambeth,E01003152
Lambeth,E01003153
Lambeth,E01003154
Lambeth,E01003155
Lambeth,E01003156
Lambeth,E01003157
Lambeth,E01003158
Lambeth,E01003159
Lambeth,E01003160
Lambeth,E01003161
Lambeth,E01003162
Lambeth,E01003163
Lambeth,E01003164
Lambeth,E01003165
Lambeth,E01003166
Lambeth,E01003167
Lambeth,E01003168
Lambeth,E01003169
Lambeth,E01003170
Lambeth,E01003171
Lambeth,E01003172
Lambeth,E01003173
Lambeth,E01003174
Lambeth,E01003175
Lambeth,E01003176
Lambeth,E01003177
Lambeth,E01003178
Lambeth,E01003179
Lambeth,E01003180
Lambeth,E01003181
Lambeth,E01003182
Lambeth,E01003183
Lambeth,E01003184
Lambeth,E01003185
Lambeth,E01003186
Lambeth,E01003187
Lambeth,E01003188
Lambeth,E01032582
Lambeth,E01033207
Lambeth,E01033208
Lewisham,E01003189
Lewisham,E01003190
Lewisham,E01003191
Lewisham,E01003192
Lewisham,E01003193
Lewisham,E01003194
Lewisham,E01003195
Lewisham,E01003196
Lewisham,E01003197
Lewisham,E01003198
Lewisham,E01003199
Lewisham,E01003200
Lewisham,E01003201
Lewisham,E01003202
Lewisham,E01003203
Lewisham,E01003204
Lewisham,E01003205
Lewisham,E01003206
Lewisham,E01003207
Lewisham,E01003209
Lewisham,E01003210
Lewisham,E01003211
Lewisham,E01003212
Lewisham,E01003213
Lewisham,E01003214
Lewisham,E01003215
Lewisham,E01003216
Lewisham,E01003217
Lewisham,E01003218
Lewisham,E01003219
Lewisham,E01003220
Lewisham,E01003221
Lewisham,E01003222
Lewisham,E01003223
Lewisham,E01003224
Lewisham,E01003225
Lewisham,E01003226
Lewisham,E01003227
Lewisham,E01003228
Lewisham,E01003229
Lewisham,E01003230
Lewisham,E01003231
Lewisham,E01003232
Lewisham,E01003233
Lewisham,E01003235
Lewisham,E01003236
Lewisham,E01003237
Lewisham,E01003238
Lewisham,E01003239
Lewisham,E01003240
Lewisham,E01003241
Lewisham,E01003243
Lewisham,E01003244
Lewisham,E01003245
Lewisham,E01003246
Lewisham,E01003247
Lewisham,E01003248
Lewisham,E01003249
Lewisham,E01003250
Lewisham,E01003251
Lewisham,E01003252
Lewisham,E01003253
Lewisham,E01003254
Lewisham,E01003255
Lewisham,E01003256
Lewisham,E01003257
Lewisham,E01003258
Lewisham,E01003259
Lewisham,E01003260
Lewisham,E01003261
Lewisham,E01003262
Lewisham,E01003263
Lewisham,E01003264
Lewisham,E01003265
Lewisham,E01003266
Lewisham,E01003267
Lewisham,E01003268
Lewisham,E01003269
Lewisham,E01003270
Lewisham,E01003271
Lewisham,E01003272
Lewisham,E01003273
Lewisham,E01003274
Lewisham,E01003275
Lewisham,E01003276
Lewisham,E01003277
Lewisham,E01003278
Lewisham,E01003279
Lewisham,E01003280
Lewisham,E01003281
Lewisham,E01003282
Lewisham,E01003283
Lewisham,E01003284
Lewisham,E01003285
Lewisham,E01003286
Lewisham,E01003287
Lewisham,E01003288
Lewisham,E01003290
Lewisham,E01003291
Lewisham,E01003292
Lewisham,E01003293
Lewisham,E01003295
Lewisham,E01003296
Lewisham,E01003297
Lewisham,E01003298
Lewisham,E01003299
Lewisham,E01003300
Lewisham,E01003301
Lewisham,E01003302
Lewisham,E01003303
Lewisham,E01003304
Lewisham,E01003305
Lewisham,E01003307
Lewisham,E01003308
Lewisham,E01003309
Lewisham,E01003310
Lewisham,E01003311
Lewisham,E01003312
Lewisham,E01003313
Lewisham,E01003314
Lewisham,E01003315
Lewisham,E01003316
Lewisham,E01003317
Lewisham,E01003318
Lewisham,E01003319
Lewisham,E01003320
Lewisham,E01003321
Lewisham,E01003322
Lewisham,E01003323
Lewisham,E01003324
Lewisham,E01003325
Lewisham,E01003326
Lewisham,E01003327
Lewisham,E01003328
Lewisham,E01003329
Lewisham,E01003330
Lewisham,E01003331
Lewisham,E01003332
Lewisham,E01003333
Lewisham,E01003334
Lewisham,E01003335
Lewisham,E01003336
Lewisham,E01003337
Lewisham,E01003338
Lewisham,E01003339
Lewisham,E01003340
Lewisham,E01003341
Lewisham,E01003342
Lewisham,E01003343
Lewisham,E01003344
Lewisham,E01003345
Lewisham,E01003346
Lewisham,E01003347
Lewisham,E01003348
Lewisham,E01003349
Lewisham,E01003350
Lewisham,E01003351
Lewisham,E01003352
Lewisham,E01003353
Lewisham,E01003354
Lewisham,E01032564
Lewisham,E01032565
Lewisham,E01032579
Lewisham,E01033320
Lewisham,E01033322
Lewisham,E01033324
Lewisham,E01033325
Lewisham,E01033327
Lewisham,E01033341
Merton,E01003355
Merton,E01003356
Merton,E01003357
Merton,E01003358
Merton,E01003359
Merton,E01003360
Merton,E01003361
Merton,E01003362
Merton,E01003363
Merton,E01003364
Merton,E01003365
Merton,E01003366
Merton,E01003367
Merton,E01003368
Merton,E01003369
Merton,E01003370
Merton,E01003371
Merton,E01003372
Merton,E01003373
Merton,E01003374
Merton,E01003375
Merton,E01003376
Merton,E01003377
Merton,E01003378
Merton,E01003379
Merton,E01003380
Merton,E01003381
Merton,E01003382
Merton,E01003383
Merton,E01003384
Merton,E01003385
Merton,E01003386
Merton,E01003387
Merton,E01003388
Merton,E01003389
Merton,E01003390
Merton,E01003391
Merton,E01003392
Merton,E01003393
Merton,E01003394
Merton,E01003395
Merton,E01003396
Merton,E01003397
Merton,E01003398
Merton,E01003399
Merton,E01003400
Merton,E01003401
Merton,E01003402
Merton,E01003403
Merton,E01003404
Merton,E01003405
Merton,E01003406
Merton,E01003407
Merton,E01003408
Merton,E01003409
Merton,E01003410
Merton,E01003411
Merton,E01003412
Merton,E01003413
Merton,E01003414
Merton,E01003415
Merton,E01003416
Merton,E01003417
Merton,E01003418
Merton,E01003419
Merton,E01003420
Merton,E01003421
Merton,E01003422
Merton,E01003423
Merton,E01003424
Merton,E01003425
Merton,E01003426
Merton,E01003427
Merton,E01003428
Merton,E01003429
Merton,E01003430
Merton,E01003431
Merton,E01003432
Merton,E01003433
Merton,E01003434
Merton,E01003435
Merton,E01003436
Merton,E01003437
Merton,E01003438
Merton,E01003439
Merton,E01003440
Merton,E01003441
Merton,E01003442
Merton,E01003443
Merton,E01003444
Merton,E01003445
Merton,E01003446
Merton,E01003447
Merton,E01003448
Merton,E01003449
Merton,E01003450
Merton,E01003451
Merton,E01003452
Merton,E01003453
Merton,E01003454
Merton,E01003455
Merton,E01003456
Merton,E01003457
Merton,E01003458
Merton,E01003459
Merton,E01003460
Merton,E01003461
Merton,E01003462
Merton,E01003463
Merton,E01003464
Merton,E01003465
Merton,E01003466
Merton,E01003467
Merton,E01003468
Merton,E01003469
Merton,E01003470
Merton,E01003471
Merton,E01003472
Merton,E01003473
Merton,E01003474
Merton,E01003475
Merton,E01003476
Merton,E01003477
Merton,E01003478
Newham,E01003479
Newham,E01003480
Newham,E01003481
Newham,E01003482
Newham,E01003483
Newham,E01003484
Newham,E01003485
Newham,E01003486
Newham,E01003487
Newham,E01003488
Newham,E01003489
Newham,E01003490
Newham,E01003491
Newham,E01003492
Newham,E01003493
Newham,E01003494
Newham,E01003495
Newham,E01003496
Newham,E01003497
Newham,E01003498
Newham,E01003499
Newham,E01003500
Newham,E01003501
Newham,E01003502
Newham,E01003503
Newham,E01003506
Newham,E01003507
Newham,E01003508
Newham,E01003509
Newham,E01003511
Newham,E01003512
Newham,E01003513
Newham,E01003514
Newham,E01003515
Newham,E01003516
Newham,E01003517
Newham,E01003518
Newham,E01003519
Newham,E01003520
Newham,E01003521
Newham,E01003522
Newham,E01003523
Newham,E01003524
Newham,E01003525
Newham,E01003526
Newham,E01003527
Newham,E01003528
Newham,E01003529
Newham,E01003530
Newham,E01003531
Newham,E01003532
Newham,E01003533
Newham,E01003534
Newham,E01003535
Newham,E01003536
Newham,E01003537
Newham,E01003538
Newham,E01003539
Newham,E01003540
Newham,E01003541
Newham,E01003542
Newham,E01003543
Newham,E01003544
Newham,E01003545
Newham,E01003546
Newham,E01003547
Newham,E01003548
Newham,E01003549
Newham,E01003550
Newham,E01003551
Newham,E01003552
Newham,E01003553
Newham,E01003554
Newham,E01003555
Newham,E01003556
Newham,E01003557
Newham,E01003558
Newham,E01003559
Newham,E01003560
Newham,E01003561
Newham,E01003562
Newham,E01003563
Newham,E01003564
Newham,E01003565
Newham,E01003566
Newham,E01003567
Newham,E01003568
Newham,E01003569
Newham,E01003570
Newham,E01003571
Newham,E01003572
Newham,E01003573
Newham,E01003574
Newham,E01003575
Newham,E01003576
Newham,E01003577
Newham,E01003578
Newham,E01003579
Newham,E01003580
Newham,E01003581
Newham,E01003582
Newham,E01003583
Newham,E01003584
Newham,E01003585
Newham,E01003586
Newham,E01003587
Newham,E01003588
Newham,E01003589
Newham,E01003590
Newham,E01003591
Newham,E01003592
Newham,E01003593
Newham,E01003594
Newham,E01003595
Newham,E01003596
Newham,E01003597
Newham,E01003598
Newham,E01003599
Newham,E01003600
Newham,E01003601
Newham,E01003602
Newham,E01003603
Newham,E01003604
Newham,E01003605
Newham,E01003606
Newham,E01003607
Newham,E01003608
Newham,E01003609
Newham,E01003611
Newham,E01003615
Newham,E01003616
Newham,E01003617
Newham,E01003618
Newham,E01003619
Newham,E01003621
Newham,E01003622
Newham,E01003623
Newham,E01003624
Newham,E01003625
Newham,E01003626
Newham,E01003627
Newham,E01003628
Newham,E01003629
Newham,E01003630
Newham,E01003631
Newham,E01003632
Newham,E01003633
Newham,E01003634
Newham,E01003635
Newham,E01003636
Newham,E01003637
Newham,E01033574
Newham,E01033575
Newham,E01033576
Newham,E01033577
Newham,E01033578
Newham,E01033579
Newham,E01033580
Newham,E01033581
Newham,E01033582
Newham,E01033583
Newham,E01033584
Newham,E01033585
Newham,E01033586
Redbridge,E01003638
Redbridge,E01003639
Redbridge,E01003640
Redbridge,E01003641
Redbridge,E01003642
Redbridge,E01003643
Redbridge,E01003644
Redbridge,E01003645
Redbridge,E01003646
Redbridge,E01003647
Redbridge,E01003648
Redbridge,E01003649
Redbridge,E01003650
Redbridge,E01003651
Redbridge,E01003652
Redbridge,E01003653
Redbridge,E01003654
Redbridge,E01003655
Redbridge,E01003656
Redbridge,E01003657
Redbridge,E01003658
Redbridge,E01003659
Redbridge,E01003660
Redbridge,E01003661
Redbridge,E01003662
Redbridge,E01003663
Redbridge,E01003664
Redbridge,E01003665
Redbridge,E01003666
Redbridge,E01003668
Redbridge,E01003669
Redbridge,E01003670
Redbridge,E01003671
Redbridge,E01003672
Redbridge,E01003673
Redbridge,E01003674
Redbridge,E01003675
Redbridge,E01003676
Redbridge,E01003677
Redbridge,E01003678
Redbridge,E01003679
Redbridge,E01003680
Redbridge,E01003681
Redbridge,E01003682
Redbridge,E01003683
Redbridge,E01003684
Redbridge,E01003685
Redbridge,E01003686
Redbridge,E01003688
Redbridge,E01003689
Redbridge,E01003690
Redbridge,E01003691
Redbridge,E01003692
Redbridge,E01003693
Redbridge,E01003694
Redbridge,E01003695
Redbridge,E01003696
Redbridge,E01003697
Redbridge,E01003698
Redbridge,E01003699
Redbridge,E01003700
Redbridge,E01003701
Redbridge,E01003702
Redbridge,E01003703
Redbridge,E01003704
Redbridge,E01003705
Redbridge,E01003706
Redbridge,E01003707
Redbridge,E01003708
Redbridge,E01003709
Redbridge,E01003710
Redbridge,E01003711
Redbridge,E01003712
Redbridge,E01003713
Redbridge,E01003714
Redbridge,E01003715
Redbridge,E01003716
Redbridge,E01003718
Redbridge,E01003719
Redbridge,E01003720
Redbridge,E01003721
Redbridge,E01003722
Redbridge,E01003723
Redbridge,E01003724
Redbridge,E01003725
Redbridge,E01003726
Redbridge,E01003727
Redbridge,E01003728
Redbridge,E01003729
Redbridge,E01003730
Redbridge,E01003731
Redbridge,E01003732
Redbridge,E01003733
Redbridge,E01003734
Redbridge,E01003735
Redbridge,E01003736
Redbridge,E01003737
Redbridge,E01003738
Redbridge,E01003739
Redbridge,E01003740
Redbridge,E01003741
Redbridge,E01003742
Redbridge,E01003743
Redbridge,E01003744
Redbridge,E01003745
Redbridge,E01003746
Redbridge,E01003747
Redbridge,E01003748
Redbridge,E01003749
Redbridge,E01003750
Redbridge,E01003751
Redbridge,E01003752
Redbridge,E01003753
Redbridge,E01003754
Redbridge,E01003755
Redbridge,E01003756
Redbridge,E01003757
Redbridge,E01003758
Redbridge,E01003759
Redbridge,E01003760
Redbridge,E01003761
Redbridge,E01003762
Redbridge,E01003763
Redbridge,E01003764
Redbridge,E01003765
Redbridge,E01003766
Redbridge,E01003767
Redbridge,E01003768
Redbridge,E01003769
Redbridge,E01003770
Redbridge,E01003771
Redbridge,E01003772
Redbridge,E01003773
Redbridge,E01003774
Redbridge,E01003775
Redbridge,E01003776
Redbridge,E01003777
Redbridge,E01003778
Redbridge,E01003779
Redbridge,E01003780
Redbridge,E01003781
Redbridge,E01003782
Redbridge,E01003783
Redbridge,E01003784
Redbridge,E01003785
Redbridge,E01003786
Redbridge,E01003787
Redbridge,E01003788
Redbridge,E01003789
Redbridge,E01003790
Redbridge,E01003791
Redbridge,E01003792
Redbridge,E01003793
Redbridge,E01003794
Redbridge,E01003795
Redbridge,E01003796
Redbridge,E01032581
Redbridge,E01033589
Redbridge,E01033590
Redbridge,E01033591
Redbridge,E01033592
Richmond upon Thames,E01003797
Richmond upon Thames,E01003798
Richmond upon Thames,E01003799
Richmond upon Thames,E01003800
Richmond upon Thames,E01003801
Richmond upon Thames,E01003802
Richmond upon Thames,E01003803
Richmond upon Thames,E01003804
Richmond upon Thames,E01003805
Richmond upon Thames,E01003806
Richmond upon Thames,E01003807
Richmond upon Thames,E01003808
Richmond upon Thames,E01003809
Richmond upon Thames,E01003810
Richmond upon Thames,E01003811
Richmond upon Thames,E01003812
Richmond upon Thames,E01003813
Richmond upon Thames,E01003814
Richmond upon Thames,E01003815
Richmond upon Thames,E01003816
Richmond upon Thames,E01003817
Richmond upon Thames,E01003818
Richmond upon Thames,E01003819
Richmond upon Thames,E01003820
Richmond upon Thames,E01003821
Richmond upon Thames,E01003822
Richmond upon Thames,E01003823
Richmond upon Thames,E01003824
Richmond upon Thames,E01003825
Richmond upon Thames,E01003826
Richmond upon Thames,E01003827
Richmond upon Thames,E01003828
Richmond upon Thames,E01003829
Richmond upon Thames,E01003830
Richmond upon Thames,E01003831
Richmond upon Thames,E01003832
Richmond upon Thames,E01003833
Richmond upon Thames,E01003834
Richmond upon Thames,E01003835
Richmond upon Thames,E01003836
Richmond upon Thames,E01003837
Richmond upon Thames,E01003838
Richmond upon Thames,E01003839
Richmond upon Thames,E01003840
Richmond upon Thames,E01003841
Richmond upon Thames,E01003842
Richmond upon Thames,E01003843
Richmond upon Thames,E01003844
Richmond upon Thames,E01003845
Richmond upon Thames,E01003846
Richmond upon Thames,E01003847
Richmond upon Thames,E01003848
Richmond upon Thames,E01003849
Richmond upon Thames,E01003851
Richmond upon Thames,E01003852
Richmond upon Thames,E01003853
Richmond upon Thames,E01003854
Richmond upon Thames,E01003855
Richmond upon Thames,E01003856
Richmond upon Thames,E01003857
Richmond upon Thames,E01003858
Richmond upon Thames,E01003859
Richmond upon Thames,E01003860
Richmond upon Thames,E01003861
Richmond upon Thames,E01003862
Richmond upon Thames,E01003863
Richmond upon Thames,E01003864
Richmond upon Thames,E01003865
Richmond upon Thames,E01003866
Richmond upon Thames,E01003867
Richmond upon Thames,E01003868
Richmond upon Thames,E01003869
Richmond upon Thames,E01003870
Richmond upon Thames,E01003871
Richmond upon Thames,E01003872
Richmond upon Thames,E01003873
Richmond upon Thames,E01003874
Richmond upon Thames,E01003875
Richmond upon Thames,E01003876
Richmond upon Thames,E01003877
Richmond upon Thames,E01003878
Richmond upon Thames,E01003879
Richmond upon Thames,E01003880
Richmond upon Thames,E01003881
Richmond upon Thames,E01003882
Richmond upon Thames,E01003883
Richmond upon Thames,E01003884
Richmond upon Thames,E01003885
Richmond upon Thames,E01003886
Richmond upon Thames,E01003887
Richmond upon Thames,E01003888
Richmond upon Thames,E01003889
Richmond upon Thames,E01003890
Richmond upon Thames,E01003891
Richmond upon Thames,E01003892
Richmond upon Thames,E01003893
Richmond upon Thames,E01003894
Richmond upon Thames,E01003895
Richmond upon Thames,E01003896
Richmond upon Thames,E01003897
Richmond upon Thames,E01003898
Richmond upon Thames,E01003899
Richmond upon Thames,E01003900
Richmond upon Thames,E01003901
Richmond upon Thames,E01003902
Richmond upon Thames,E01003903
Richmond upon Thames,E01003904
Richmond upon Thames,E01003905
Richmond upon Thames,E01003906
Richmond upon Thames,E01003907
Richmond upon Thames,E01003908
Richmond upon Thames,E01003909
Richmond upon Thames,E01003910
Richmond upon Thames,E01033570
Richmond upon Thames,E01033571
Southwark,E01003911
Southwark,E01003912
Southwark,E01003913
Southwark,E01003914
Southwark,E01003915
Southwark,E01003916
Southwark,E01003917
Southwark,E01003918
Southwark,E01003919
Southwark,E01003920
Southwark,E01003921
Southwark,E01003922
Southwark,E01003923
Southwark,E01003924
Southwark,E01003925
Southwark,E01003926
Southwark,E01003927
Southwark,E01003929
Southwark,E01003930
Southwark,E01003932
Southwark,E01003933
Southwark,E01003934
Southwark,E01003935
Southwark,E01003936
Southwark,E01003937
Southwark,E01003938
Southwark,E01003939
Southwark,E01003940
Southwark,E01003941
Southwark,E01003942
Southwark,E01003943
Southwark,E01003945
Southwark,E01003946
Southwark,E01003947
Southwark,E01003948
Southwark,E01003949
Southwark,E01003950
Southwark,E01003951
Southwark,E01003952
Southwark,E01003953
Southwark,E01003954
Southwark,E01003955
Southwark,E01003956
Southwark,E01003957
Southwark,E01003958
Southwark,E01003960
Southwark,E01003961
Southwark,E01003963
Southwark,E01003964
Southwark,E01003966
Southwark,E01003967
Southwark,E01003968
Southwark,E01003969
Southwark,E01003970
Southwark,E01003971
Southwark,E01003972
Southwark,E01003973
Southwark,E01003974
Southwark,E01003975
Southwark,E01003976
Southwark,E01003977
Southwark,E01003978
Southwark,E01003979
Southwark,E01003980
Southwark,E01003981
Southwark,E01003983
Southwark,E01003984
Southwark,E01003986
Southwark,E01003987
Southwark,E01003988
Southwark,E01003989
Southwark,E01003990
Southwark,E01003991
Southwark,E01003992
Southwark,E01003993
Southwark,E01003994
Southwark,E01003995
Southwark,E01003997
Southwark,E01003998
Southwark,E01003999
Southwark,E01004000
Southwark,E01004001
Southwark,E01004002
Southwark,E01004003
Southwark,E01004004
Southwark,E01004005
Southwark,E01004006
Southwark,E01004007
Southwark,E01004008
Southwark,E01004010
Southwark,E01004011
Southwark,E01004012
Southwark,E01004013
Southwark,E01004014
Southwark,E01004015
Southwark,E01004016
Southwark,E01004017
Southwark,E01004018
Southwark,E01004019
Southwark,E01004020
Southwark,E01004021
Southwark,E01004022
Southwark,E01004023
Southwark,E01004024
Southwark,E01004027
Southwark,E01004028
Southwark,E01004029
Southwark,E01004030
Southwark,E01004031
Southwark,E01004032
Southwark,E01004033
Southwark,E01004034
Southwark,E01004035
Southwark,E01004036
Southwark,E01004037
Southwark,E01004038
Southwark,E01004039
Southwark,E01004040
Southwark,E01004041
Southwark,E01004042
Southwark,E01004043
Southwark,E01004044
Southwark,E01004045
Southwark,E01004046
Southwark,E01004047
Southwark,E01004048
Southwark,E01004049
Southwark,E01004050
Southwark,E01004051
Southwark,E01004052
Southwark,E01004053
Southwark,E01004054
Southwark,E01004055
Southwark,E01004056
Southwark,E01004057
Southwark,E01004058
Southwark,E01004059
Southwark,E01004060
Southwark,E01004061
Southwark,E01004062
Southwark,E01004063
Southwark,E01004064
Southwark,E01004065
Southwark,E01004066
Southwark,E01004067
Southwark,E01004068
Southwark,E01004069
Southwark,E01004070
Southwark,E01004071
Southwark,E01004072
Southwark,E01004073
Southwark,E01004074
Southwark,E01004075
Southwark,E01032583
Southwark,E01032584
Southwark,E01032637
Southwark,E01032638
Southwark,E01032639
Southwark,E01032640
Southwark,E01032646
Southwark,E01032719
Southwark,E01032720
Southwark,E01032722
Southwark,E01032803
Southwark,E01032805
Southwark,E01032834
Sutton,E01004076
Sutton,E01004077
Sutton,E01004078
Sutton,E01004079
Sutton,E01004080
Sutton,E01004081
Sutton,E01004082
Sutton,E01004083
Sutton,E01004084
Sutton,E01004085
Sutton,E01004086
Sutton,E01004087
Sutton,E01004088
Sutton,E01004089
Sutton,E01004090
Sutton,E01004091
Sutton,E01004092
Sutton,E01004093
Sutton,E01004094
Sutton,E01004095
Sutton,E01004096
Sutton,E01004097
Sutton,E01004098
Sutton,E01004099
Sutton,E01004100
Sutton,E01004101
Sutton,E01004102
Sutton,E01004103
Sutton,E01004104
Sutton,E01004105
Sutton,E01004106
Sutton,E01004107
Sutton,E01004108
Sutton,E01004109
Sutton,E01004110
Sutton,E01004111
Sutton,E01004112
Sutton,E01004114
Sutton,E01004115
Sutton,E01004116
Sutton,E01004117
Sutton,E01004118
Sutton,E01004119
Sutton,E01004120
Sutton,E01004121
Sutton,E01004122
Sutton,E01004123
Sutton,E01004124
Sutton,E01004125
Sutton,E01004126
Sutton,E01004127
Sutton,E01004128
Sutton,E01004129
Sutton,E01004130
Sutton,E01004131
Sutton,E01004132
Sutton,E01004133
Sutton,E01004134
Sutton,E01004135
Sutton,E01004136
Sutton,E01004137
Sutton,E01004138
Sutton,E01004139
Sutton,E01004140
Sutton,E01004141
Sutton,E01004142
Sutton,E01004143
Sutton,E01004144
Sutton,E01004145
Sutton,E01004146
Sutton,E01004147
Sutton,E01004148
Sutton,E01004149
Sutton,E01004150
Sutton,E01004151
Sutton,E01004152
Sutton,E01004153
Sutton,E01004154
Sutton,E01004155
Sutton,E01004156
Sutton,E01004157
Sutton,E01004158
Sutton,E01004159
Sutton,E01004160
Sutton,E01004161
Sutton,E01004162
Sutton,E01004163
Sutton,E01004164
Sutton,E01004165
Sutton,E01004166
Sutton,E01004167
Sutton,E01004168
Sutton,E01004169
Sutton,E01004170
Sutton,E01004171
Sutton,E01004172
Sutton,E01004173
Sutton,E01004174
Sutton,E01004175
Sutton,E01004176
Sutton,E01004177
Sutton,E01004178
Sutton,E01004179
Sutton,E01004180
Sutton,E01004181
Sutton,E01004182
Sutton,E01004183
Sutton,E01004184
Sutton,E01004185
Sutton,E01004186
Sutton,E01004187
Sutton,E01004188
Sutton,E01004189
Sutton,E01004190
Sutton,E01004191
Sutton,E01004192
Sutton,E01004193
Sutton,E01004194
Sutton,E01004195
Sutton,E01004196
Sutton,E01032623
Tower Hamlets,E01004197
Tower Hamlets,E01004198
Tower Hamlets,E01004199
Tower Hamlets,E01004200
Tower Hamlets,E01004201
Tower Hamlets,E01004202
Tower Hamlets,E01004203
Tower Hamlets,E01004204
Tower Hamlets,E01004205
Tower Hamlets,E01004206
Tower Hamlets,E01004207
Tower Hamlets,E01004208
Tower Hamlets,E01004209
Tower Hamlets,E01004211
Tower Hamlets,E01004212
Tower Hamlets,E01004214
Tower Hamlets,E01004215
Tower Hamlets,E01004216
Tower Hamlets,E01004217
Tower Hamlets,E01004218
Tower Hamlets,E01004219
Tower Hamlets,E01004221
Tower Hamlets,E01004222
Tower Hamlets,E01004223
Tower Hamlets,E01004224
Tower Hamlets,E01004225
Tower Hamlets,E01004226
Tower Hamlets,E01004228
Tower Hamlets,E01004229
Tower Hamlets,E01004230
Tower Hamlets,E01004231
Tower Hamlets,E01004232
Tower Hamlets,E01004233
Tower Hamlets,E01004234
Tower Hamlets,E01004235
Tower Hamlets,E01004236
Tower Hamlets,E01004237
Tower Hamlets,E01004238
Tower Hamlets,E01004239
Tower Hamlets,E01004240
Tower Hamlets,E01004241
Tower Hamlets,E01004242
Tower Hamlets,E01004243
Tower Hamlets,E01004244
Tower Hamlets,E01004245
Tower Hamlets,E01004246
Tower Hamlets,E01004247
Tower Hamlets,E01004248
Tower Hamlets,E01004249
Tower Hamlets,E01004250
Tower Hamlets,E01004251
Tower Hamlets,E01004252
Tower Hamlets,E01004253
Tower Hamlets,E01004254
Tower Hamlets,E01004255
Tower Hamlets,E01004256
Tower Hamlets,E01004257
Tower Hamlets,E01004258
Tower Hamlets,E01004259
Tower Hamlets,E01004260
Tower Hamlets,E01004261
Tower Hamlets,E01004262
Tower Hamlets,E01004263
Tower Hamlets,E01004264
Tower Hamlets,E01004266
Tower Hamlets,E01004267
Tower Hamlets,E01004268
Tower Hamlets,E01004269
Tower Hamlets,E01004270
Tower Hamlets,E01004271
Tower Hamlets,E01004272
Tower Hamlets,E01004273
Tower Hamlets,E01004274
Tower Hamlets,E01004275
Tower Hamlets,E01004276
Tower Hamlets,E01004277
Tower Hamlets,E01004280
Tower Hamlets,E01004281
Tower Hamlets,E01004283
Tower Hamlets,E01004284
Tower Hamlets,E01004285
Tower Hamlets,E01004286
Tower Hamlets,E01004287
Tower Hamlets,E01004288
Tower Hamlets,E01004289
Tower Hamlets,E01004290
Tower Hamlets,E01004291
Tower Hamlets,E01004292
Tower Hamlets,E01004293
Tower Hamlets,E01004294
Tower Hamlets,E01004295
Tower Hamlets,E01004296
Tower Hamlets,E01004297
Tower Hamlets,E01004298
Tower Hamlets,E01004300
Tower Hamlets,E01004301
Tower Hamlets,E01004302
Tower Hamlets,E01004303
Tower Hamlets,E01004304
Tower Hamlets,E01004305
Tower Hamlets,E01004306
Tower Hamlets,E01004307
Tower Hamlets,E01004308
Tower Hamlets,E01004309
Tower Hamlets,E01004310
Tower Hamlets,E01004311
Tower Hamlets,E01004312
Tower Hamlets,E01004313
Tower Hamlets,E01004314
Tower Hamlets,E01004315
Tower Hamlets,E01004316
Tower Hamlets,E01004317
Tower Hamlets,E01004318
Tower Hamlets,E01004319
Tower Hamlets,E01004321
Tower Hamlets,E01004322
Tower Hamlets,E01004323
Tower Hamlets,E01004324
Tower Hamlets,E01004325
Tower Hamlets,E01004326
Tower Hamlets,E01032764
Tower Hamlets,E01032765
Tower Hamlets,E01032766
Tower Hamlets,E01032767
Tower Hamlets,E01032768
Tower Hamlets,E01032769
Tower Hamlets,E01032770
Tower Hamlets,E01032771
Tower Hamlets,E01032772
Tower Hamlets,E01032773
Tower Hamlets,E01032774
Tower Hamlets,E01032775
Tower Hamlets,E01032776
Tower Hamlets,E01032777
Tower Hamlets,E01032778
Tower Hamlets,E01032779
Tower Hamlets,E01032780
Tower Hamlets,E01032781
Tower Hamlets,E01032782
Tower Hamlets,E01032783
Tower Hamlets,E01032784
Tower Hamlets,E01032785
Tower Hamlets,E01032786
Tower Hamlets,E01032787
Waltham Forest,E01004327
Waltham Forest,E01004328
Waltham Forest,E01004329
Waltham Forest,E01004330
Waltham Forest,E01004331
Waltham Forest,E01004332
Waltham Forest,E01004333
Waltham Forest,E01004334
Waltham Forest,E01004335
Waltham Forest,E01004336
Waltham Forest,E01004337
Waltham Forest,E01004338
Waltham Forest,E01004339
Waltham Forest,E01004340
Waltham Forest,E01004341
Waltham Forest,E01004342
Waltham Forest,E01004343
Waltham Forest,E01004344
Waltham Forest,E01004345
Waltham Forest,E01004346
Waltham Forest,E01004347
Waltham Forest,E01004348
Waltham Forest,E01004349
Waltham Forest,E01004350
Waltham Forest,E01004351
Waltham Forest,E01004352
Waltham Forest,E01004353
Waltham Forest,E01004354
Waltham Forest,E01004355
Waltham Forest,E01004356
Waltham Forest,E01004357
Waltham Forest,E01004358
Waltham Forest,E01004359
Waltham Forest,E01004360
Waltham Forest,E01004361
Waltham Forest,E01004362
Waltham Forest,E01004363
Waltham Forest,E01004364
Waltham Forest,E01004365
Waltham Forest,E01004366
Waltham Forest,E01004367
Waltham Forest,E01004368
Waltham Forest,E01004369
Waltham Forest,E01004370
Waltham Forest,E01004371
Waltham Forest,E01004372
Waltham Forest,E01004373
Waltham Forest,E01004374
Waltham Forest,E01004375
Waltham Forest,E01004376
Waltham Forest,E01004377
Waltham Forest,E01004378
Waltham Forest,E01004379
Waltham Forest,E01004380
Waltham Forest,E01004381
Waltham Forest,E01004382
Waltham Forest,E01004383
Waltham Forest,E01004384
Waltham Forest,E01004385
Waltham Forest,E01004386
Waltham Forest,E01004387
Waltham Forest,E01004388
Waltham Forest,E01004389
Waltham Forest,E01004390
Waltham Forest,E01004391
Waltham Forest,E01004392
Waltham Forest,E01004393
Waltham Forest,E01004394
Waltham Forest,E01004395
Waltham Forest,E01004396
Waltham Forest,E01004397
Waltham Forest,E01004398
Waltham Forest,E01004399
Waltham Forest,E01004400
Waltham Forest,E01004401
Waltham Forest,E01004402
Waltham Forest,E01004403
Waltham Forest,E01004404
Waltham Forest,E01004405
Waltham Forest,E01004406
Waltham Forest,E01004407
Waltham Forest,E01004408
Waltham Forest,E01004409
Waltham Forest,E01004410
Waltham Forest,E01004411
Waltham Forest,E01004412
Waltham Forest,E01004413
Waltham Forest,E01004414
Waltham Forest,E01004415
Waltham Forest,E01004416
Waltham Forest,E01004417
Waltham Forest,E01004418
Waltham Forest,E01004419
Waltham Forest,E01004420
Waltham Forest,E01004421
Waltham Forest,E01004422
Waltham Forest,E01004423
Waltham Forest,E01004424
Waltham Forest,E01004425
Waltham Forest,E01004426
Waltham Forest,E01004427
Waltham Forest,E01004428
Waltham Forest,E01004429
Waltham Forest,E01004430
Waltham Forest,E01004432
Waltham Forest,E01004434
Waltham Forest,E01004435
Waltham Forest,E01004436
Waltham Forest,E01004437
Waltham Forest,E01004438
Waltham Forest,E01004439
Waltham Forest,E01004440
Waltham Forest,E01004441
Waltham Forest,E01004442
Waltham Forest,E01004443
Waltham Forest,E01004444
Waltham Forest,E01004445
Waltham Forest,E01004446
Waltham Forest,E01004447
Waltham Forest,E01004448
Waltham Forest,E01004449
Waltham Forest,E01004450
Waltham Forest,E01004451
Waltham Forest,E01004452
Waltham Forest,E01004453
Waltham Forest,E01004454
Waltham Forest,E01004455
Waltham Forest,E01004456
Waltham Forest,E01004457
Waltham Forest,E01004458
Waltham Forest,E01004459
Waltham Forest,E01004460
Waltham Forest,E01004461
Waltham Forest,E01004462
Waltham Forest,E01004463
Waltham Forest,E01004464
Waltham Forest,E01004465
Waltham Forest,E01004466
Waltham Forest,E01004467
Waltham Forest,E01004468
Waltham Forest,E01004469
Waltham Forest,E01004470
Waltham Forest,E01004471
Waltham Forest,E01033153
Wandsworth,E01004472
Wandsworth,E01004473
Wandsworth,E01004474
Wandsworth,E01004475
Wandsworth,E01004476
Wandsworth,E01004477
Wandsworth,E01004478
Wandsworth,E01004479
Wandsworth,E01004480
Wandsworth,E01004481
Wandsworth,E01004482
Wandsworth,E01004483
Wandsworth,E01004484
Wandsworth,E01004485
Wandsworth,E01004486
Wandsworth,E01004487
Wandsworth,E01004488
Wandsworth,E01004489
Wandsworth,E01004490
Wandsworth,E01004491
Wandsworth,E01004492
Wandsworth,E01004493
Wandsworth,E01004494
Wandsworth,E01004495
Wandsworth,E01004496
Wandsworth,E01004497
Wandsworth,E01004498
Wandsworth,E01004499
Wandsworth,E01004500
Wandsworth,E01004501
Wandsworth,E01004502
Wandsworth,E01004503
Wandsworth,E01004504
Wandsworth,E01004505
Wandsworth,E01004506
Wandsworth,E01004507
Wandsworth,E01004508
Wandsworth,E01004509
Wandsworth,E01004510
Wandsworth,E01004511
Wandsworth,E01004512
Wandsworth,E01004513
Wandsworth,E01004514
Wandsworth,E01004515
Wandsworth,E01004516
Wandsworth,E01004517
Wandsworth,E01004518
Wandsworth,E01004519
Wandsworth,E01004520
Wandsworth,E01004521
Wandsworth,E01004522
Wandsworth,E01004523
Wandsworth,E01004524
Wandsworth,E01004525
Wandsworth,E01004526
Wandsworth,E01004527
Wandsworth,E01004528
Wandsworth,E01004529
Wandsworth,E01004530
Wandsworth,E01004531
Wandsworth,E01004532
Wandsworth,E01004533
Wandsworth,E01004534
Wandsworth,E01004535
Wandsworth,E01004536
Wandsworth,E01004537
Wandsworth,E01004538
Wandsworth,E01004539
Wandsworth,E01004540
Wandsworth,E01004541
Wandsworth,E01004542
Wandsworth,E01004543
Wandsworth,E01004544
Wandsworth,E01004545
Wandsworth,E01004546
Wandsworth,E01004547
Wandsworth,E01004548
Wandsworth,E01004549
Wandsworth,E01004550
Wandsworth,E01004551
Wandsworth,E01004552
Wandsworth,E01004553
Wandsworth,E01004554
Wandsworth,E01004555
Wandsworth,E01004556
Wandsworth,E01004557
Wandsworth,E01004558
Wandsworth,E01004559
Wandsworth,E01004560
Wandsworth,E01004562
Wandsworth,E01004563
Wandsworth,E01004564
Wandsworth,E01004565
Wandsworth,E01004566
Wandsworth,E01004567
Wandsworth,E01004568
Wandsworth,E01004569
Wandsworth,E01004570
Wandsworth,E01004571
Wandsworth,E01004572
Wandsworth,E01004573
Wandsworth,E01004574
Wandsworth,E01004575
Wandsworth,E01004576
Wandsworth,E01004577
Wandsworth,E01004579
Wandsworth,E01004580
Wandsworth,E01004581
Wandsworth,E01004582
Wandsworth,E01004583
Wandsworth,E01004584
Wandsworth,E01004585
Wandsworth,E01004586
Wandsworth,E01004587
Wandsworth,E01004588
Wandsworth,E01004589
Wandsworth,E01004590
Wandsworth,E01004591
Wandsworth,E01004592
Wandsworth,E01004593
Wandsworth,E01004594
Wandsworth,E01004595
Wandsworth,E01004596
Wandsworth,E01004597
Wandsworth,E01004598
Wandsworth,E01004599
Wandsworth,E01004600
Wandsworth,E01004601
Wandsworth,E01004602
Wandsworth,E01004604
Wandsworth,E01004605
Wandsworth,E01004606
Wandsworth,E01004607
Wandsworth,E01004608
Wandsworth,E01004609
Wandsworth,E01004610
Wandsworth,E01004611
Wandsworth,E01004612
Wandsworth,E01004613
Wandsworth,E01004614
Wandsworth,E01004615
Wandsworth,E01004616
Wandsworth,E01004617
Wandsworth,E01004618
Wandsworth,E01004619
Wandsworth,E01004620
Wandsworth,E01004621
Wandsworth,E01004622
Wandsworth,E01004623
Wandsworth,E01004624
Wandsworth,E01004625
Wandsworth,E01004626
Wandsworth,E01004627
Wandsworth,E01004628
Wandsworth,E01004629
Wandsworth,E01004630
Wandsworth,E01004631
Wandsworth,E01004632
Wandsworth,E01004633
Wandsworth,E01004634
Wandsworth,E01004635
Wandsworth,E01004636
Wandsworth,E01004637
Wandsworth,E01004638
Wandsworth,E01004639
Wandsworth,E01004640
Wandsworth,E01004641
Wandsworth,E01004642
Wandsworth,E01004643
Wandsworth,E01004644
Wandsworth,E01004645
Wandsworth,E01033093
Wandsworth,E01033098
Wandsworth,E01033099
Wandsworth,E01033100
Wandsworth,E01033101
Wandsworth,E01033132
Wandsworth,E01033133
Wandsworth,E01033135
Westminster,E01004646
Westminster,E01004647
Westminster,E01004648
Westminster,E01004649
Westminster,E01004650
Westminster,E01004651
Westminster,E01004652
Westminster,E01004653
Westminster,E01004654
Westminster,E01004656
Westminster,E01004657
Westminster,E01004658
Westminster,E01004659
Westminster,E01004660
Westminster,E01004661
Westminster,E01004662
Westminster,E01004663
Westminster,E01004665
Westminster,E01004666
Westminster,E01004667
Westminster,E01004668
Westminster,E01004669
Westminster,E01004670
Westminster,E01004674
Westminster,E01004675
Westminster,E01004676
Westminster,E01004677
Westminster,E01004678
Westminster,E01004679
Westminster,E01004680
Westminster,E01004681
Westminster,E01004682
Westminster,E01004683
Westminster,E01004684
Westminster,E01004686
Westminster,E01004687
Westminster,E01004688
Westminster,E01004689
Westminster,E01004690
Westminster,E01004691
Westminster,E01004692
Westminster,E01004693
Westminster,E01004694
Westminster,E01004695
Westminster,E01004696
Westminster,E01004697
Westminster,E01004698
Westminster,E01004699
Westminster,E01004700
Westminster,E01004701
Westminster,E01004702
Westminster,E01004703
Westminster,E01004705
Westminster,E01004706
Westminster,E01004707
Westminster,E01004708
Westminster,E01004709
Westminster,E01004710
Westminster,E01004711
Westminster,E01004712
Westminster,E01004713
Westminster,E01004714
Westminster,E01004715
Westminster,E01004716
Westminster,E01004717
Westminster,E01004718
Westminster,E01004719
Westminster,E01004720
Westminster,E01004721
Westminster,E01004722
Westminster,E01004723
Westminster,E01004724
Westminster,E01004725
Westminster,E01004726
Westminster,E01004727
Westminster,E01004728
Westminster,E01004729
Westminster,E01004730
Westminster,E01004731
Westminster,E01004732
Westminster,E01004733
Westminster,E01004734
Westminster,E01004735
Westminster,E01004736
Westminster,E01004737
Westminster,E01004738
Westminster,E01004739
Westminster,E01004740
Westminster,E01004741
Westminster,E01004742
Westminster,E01004743
Westminster,E01004744
Westminster,E01004745
Westminster,E01004746
Westminster,E01004747
Westminster,E01004748
Westminster,E01004749
Westminster,E01004750
Westminster,E01004751
Westminster,E01004752
Westminster,E01004753
Westminster,E01004754
Westminster,E01004755
Westminster,E01004756
Westminster,E01004757
Westminster,E01004760
Westminster,E01004761
Westminster,E01004762
Westminster,E01004763
Westminster,E01004765
Westminster,E01032512
Westminster,E01032513
Westminster,E01033593
Westminster,E01033594
Westminster,E01033595
Westminster,E01033596
Westminster,E01033597
Westminster,E01033598
Westminster,E01033599
Westminster,E01033600
Westminster,E01033601
Westminster,E01033602
Westminster,E01033603
Westminster,E01033604
Westminster,E01033605
Westminster,E01033606
Westminster,E01033607
Westminster,E01033608
